Filename,File Path,File Size (MB),File Extension,Date Created
.gitignore,./.gitignore,0.00,,2024-02-27 23:12:36
.replit,./.replit,0.00,,2024-08-16 17:01:59
uv.lock,./uv.lock,0.00,.lock,2024-10-31 21:57:53
pyproject.toml,./pyproject.toml,0.00,.toml,2024-10-31 21:57:53
generated-icon.png,./generated-icon.png,0.01,.png,2025-01-08 15:05:33
file_details_20250108_150208.csv,./file_details_20250108_150208.csv,0.07,.csv,2025-01-08 15:02:08
file_details_20250108_150421.csv,./file_details_20250108_150421.csv,0.07,.csv,2025-01-08 15:04:21
main.py,./main.py,0.00,.py,2025-01-08 15:05:56
file_details_20250108_150603.csv,./file_details_20250108_150603.csv,0.00,.csv,2025-01-08 15:06:03
modules.stamp,./.cache/replit/modules.stamp,0.00,.stamp,2025-01-08 14:55:18
__replit_disk_meta.json,./.cache/replit/__replit_disk_meta.json,0.00,.json,2023-11-08 15:58:41
env.json,./.cache/replit/nix/env.json,0.02,.json,2024-03-19 18:57:51
replit.res,./.cache/replit/modules/replit.res,0.00,.res,2025-01-08 14:55:18
python-3.11.res,./.cache/replit/modules/python-3.11.res,0.00,.res,2025-01-08 14:55:18
python-3.11,./.cache/replit/modules/python-3.11,0.00,.11,1970-01-01 00:00:01
replit,./.cache/replit/modules/replit,0.00,,1970-01-01 00:00:01
latest,./.cache/replit/env/latest,0.01,,2025-01-08 15:03:42
latest.json,./.cache/replit/env/latest.json,0.01,.json,2025-01-08 15:03:42
binary-cache-v6.sqlite,./.cache/nix/binary-cache-v6.sqlite,0.05,.sqlite,2024-03-19 18:57:46
binary-cache-v6.sqlite-journal,./.cache/nix/binary-cache-v6.sqlite-journal,0.00,.sqlite-journal,2024-03-19 18:57:46
1e6f2fa1119d47b853219feb91c3867d411e0c8c02476d1e769171e8.lock,./.cache/pypoetry/cache/repositories/PyPI/_http/1/e/6/f/2/1e6f2fa1119d47b853219feb91c3867d411e0c8c02476d1e769171e8.lock,0.00,.lock,2024-04-10 13:43:28
1e6f2fa1119d47b853219feb91c3867d411e0c8c02476d1e769171e8,./.cache/pypoetry/cache/repositories/PyPI/_http/1/e/6/f/2/1e6f2fa1119d47b853219feb91c3867d411e0c8c02476d1e769171e8,0.01,,2024-04-10 13:43:28
1a8ff2f282c087cdf9cf873cda00681c0b40ab3160af3b1797069bd7.lock,./.cache/pypoetry/cache/repositories/PyPI/_http/1/a/8/f/f/1a8ff2f282c087cdf9cf873cda00681c0b40ab3160af3b1797069bd7.lock,0.00,.lock,2024-04-10 13:43:36
1a8ff2f282c087cdf9cf873cda00681c0b40ab3160af3b1797069bd7,./.cache/pypoetry/cache/repositories/PyPI/_http/1/a/8/f/f/1a8ff2f282c087cdf9cf873cda00681c0b40ab3160af3b1797069bd7,0.00,,2024-04-10 13:43:36
1a84c7ae0bb2d2769201a9b0fd31566bb1a2eae3ccc6fe61ceb246aa.lock,./.cache/pypoetry/cache/repositories/PyPI/_http/1/a/8/4/c/1a84c7ae0bb2d2769201a9b0fd31566bb1a2eae3ccc6fe61ceb246aa.lock,0.00,.lock,2024-04-10 13:43:31
1a84c7ae0bb2d2769201a9b0fd31566bb1a2eae3ccc6fe61ceb246aa,./.cache/pypoetry/cache/repositories/PyPI/_http/1/a/8/4/c/1a84c7ae0bb2d2769201a9b0fd31566bb1a2eae3ccc6fe61ceb246aa,0.01,,2024-04-10 13:43:31
1a2d39595dc616d36195328fa59aa988a3f9bce0c80d10d30278d542.lock,./.cache/pypoetry/cache/repositories/PyPI/_http/1/a/2/d/3/1a2d39595dc616d36195328fa59aa988a3f9bce0c80d10d30278d542.lock,0.00,.lock,2024-04-10 13:43:29
1a2d39595dc616d36195328fa59aa988a3f9bce0c80d10d30278d542,./.cache/pypoetry/cache/repositories/PyPI/_http/1/a/2/d/3/1a2d39595dc616d36195328fa59aa988a3f9bce0c80d10d30278d542,0.01,,2024-04-10 13:43:29
1693297fb9daf7bfe370bf51d371acfeb8ff40759bf8650dfd404ba4.lock,./.cache/pypoetry/cache/repositories/PyPI/_http/1/6/9/3/2/1693297fb9daf7bfe370bf51d371acfeb8ff40759bf8650dfd404ba4.lock,0.00,.lock,2024-04-10 13:43:26
1693297fb9daf7bfe370bf51d371acfeb8ff40759bf8650dfd404ba4,./.cache/pypoetry/cache/repositories/PyPI/_http/1/6/9/3/2/1693297fb9daf7bfe370bf51d371acfeb8ff40759bf8650dfd404ba4,0.24,,2024-04-10 13:43:26
1367c1047a68f6bcf5a42d9c108d23bc1527ebca4c215f01d6c094a3.lock,./.cache/pypoetry/cache/repositories/PyPI/_http/1/3/6/7/c/1367c1047a68f6bcf5a42d9c108d23bc1527ebca4c215f01d6c094a3.lock,0.00,.lock,2024-04-10 13:43:26
1367c1047a68f6bcf5a42d9c108d23bc1527ebca4c215f01d6c094a3,./.cache/pypoetry/cache/repositories/PyPI/_http/1/3/6/7/c/1367c1047a68f6bcf5a42d9c108d23bc1527ebca4c215f01d6c094a3,0.01,,2024-04-10 13:43:26
1d828a3e277c37626c3a342a9e4e7dcd90bd247c5e0570fa37909ff5.lock,./.cache/pypoetry/cache/repositories/PyPI/_http/1/d/8/2/8/1d828a3e277c37626c3a342a9e4e7dcd90bd247c5e0570fa37909ff5.lock,0.00,.lock,2024-04-10 13:43:30
1d828a3e277c37626c3a342a9e4e7dcd90bd247c5e0570fa37909ff5,./.cache/pypoetry/cache/repositories/PyPI/_http/1/d/8/2/8/1d828a3e277c37626c3a342a9e4e7dcd90bd247c5e0570fa37909ff5,0.01,,2024-04-10 13:43:30
5f18c440a962338cd7865a20cbf7a8caf757a7349ab50d374d168b4d.lock,./.cache/pypoetry/cache/repositories/PyPI/_http/5/f/1/8/c/5f18c440a962338cd7865a20cbf7a8caf757a7349ab50d374d168b4d.lock,0.00,.lock,2024-02-27 15:44:24
5f18c440a962338cd7865a20cbf7a8caf757a7349ab50d374d168b4d,./.cache/pypoetry/cache/repositories/PyPI/_http/5/f/1/8/c/5f18c440a962338cd7865a20cbf7a8caf757a7349ab50d374d168b4d,0.01,,2024-02-27 15:44:24
56990a4cac41e1869b6cb22f73df04219326c4eff431c47e6ebee12f.lock,./.cache/pypoetry/cache/repositories/PyPI/_http/5/6/9/9/0/56990a4cac41e1869b6cb22f73df04219326c4eff431c47e6ebee12f.lock,0.00,.lock,2024-04-10 13:43:35
56990a4cac41e1869b6cb22f73df04219326c4eff431c47e6ebee12f,./.cache/pypoetry/cache/repositories/PyPI/_http/5/6/9/9/0/56990a4cac41e1869b6cb22f73df04219326c4eff431c47e6ebee12f,0.01,,2024-04-10 13:43:35
5c40d879a553c082925ea33febe3c13e7621ebe162c95d31a21b2ead.lock,./.cache/pypoetry/cache/repositories/PyPI/_http/5/c/4/0/d/5c40d879a553c082925ea33febe3c13e7621ebe162c95d31a21b2ead.lock,0.00,.lock,2024-04-10 13:43:26
5c40d879a553c082925ea33febe3c13e7621ebe162c95d31a21b2ead,./.cache/pypoetry/cache/repositories/PyPI/_http/5/c/4/0/d/5c40d879a553c082925ea33febe3c13e7621ebe162c95d31a21b2ead,0.01,,2024-04-10 13:43:26
5bd894eeb3dfe1c8aaee1daecdfb74bbb314293813a730238621f077.lock,./.cache/pypoetry/cache/repositories/PyPI/_http/5/b/d/8/9/5bd894eeb3dfe1c8aaee1daecdfb74bbb314293813a730238621f077.lock,0.00,.lock,2024-04-10 13:43:28
5bd894eeb3dfe1c8aaee1daecdfb74bbb314293813a730238621f077,./.cache/pypoetry/cache/repositories/PyPI/_http/5/b/d/8/9/5bd894eeb3dfe1c8aaee1daecdfb74bbb314293813a730238621f077,0.09,,2024-04-10 13:43:28
5b576ddc69cb2cda42f61333b85f066e4990a5eab5c96e0670cbb445.lock,./.cache/pypoetry/cache/repositories/PyPI/_http/5/b/5/7/6/5b576ddc69cb2cda42f61333b85f066e4990a5eab5c96e0670cbb445.lock,0.00,.lock,2024-04-10 13:43:30
5b576ddc69cb2cda42f61333b85f066e4990a5eab5c96e0670cbb445,./.cache/pypoetry/cache/repositories/PyPI/_http/5/b/5/7/6/5b576ddc69cb2cda42f61333b85f066e4990a5eab5c96e0670cbb445,0.00,,2024-04-10 13:43:30
226e20ef37baae18486c4b142f19362b0176ef112b8135637169c623.lock,./.cache/pypoetry/cache/repositories/PyPI/_http/2/2/6/e/2/226e20ef37baae18486c4b142f19362b0176ef112b8135637169c623.lock,0.00,.lock,2024-04-10 13:43:32
226e20ef37baae18486c4b142f19362b0176ef112b8135637169c623,./.cache/pypoetry/cache/repositories/PyPI/_http/2/2/6/e/2/226e20ef37baae18486c4b142f19362b0176ef112b8135637169c623,0.00,,2024-04-10 13:43:32
2aaebf6b506fe2a373b26f648dfc83bfc153f7671297de820141e25a.lock,./.cache/pypoetry/cache/repositories/PyPI/_http/2/a/a/e/b/2aaebf6b506fe2a373b26f648dfc83bfc153f7671297de820141e25a.lock,0.00,.lock,2024-04-10 13:43:28
2aaebf6b506fe2a373b26f648dfc83bfc153f7671297de820141e25a,./.cache/pypoetry/cache/repositories/PyPI/_http/2/a/a/e/b/2aaebf6b506fe2a373b26f648dfc83bfc153f7671297de820141e25a,0.14,,2024-04-10 13:43:28
2e184af86130f8c08775638bebc5ccc3418fae465912473baa679650.lock,./.cache/pypoetry/cache/repositories/PyPI/_http/2/e/1/8/4/2e184af86130f8c08775638bebc5ccc3418fae465912473baa679650.lock,0.00,.lock,2024-04-10 13:43:29
2e184af86130f8c08775638bebc5ccc3418fae465912473baa679650,./.cache/pypoetry/cache/repositories/PyPI/_http/2/e/1/8/4/2e184af86130f8c08775638bebc5ccc3418fae465912473baa679650,0.01,,2024-04-10 13:43:29
2b0b3274f952f1ccb69a056b0f414c74a63cdf6658180795ba506c03.lock,./.cache/pypoetry/cache/repositories/PyPI/_http/2/b/0/b/3/2b0b3274f952f1ccb69a056b0f414c74a63cdf6658180795ba506c03.lock,0.00,.lock,2024-04-10 13:43:30
2b0b3274f952f1ccb69a056b0f414c74a63cdf6658180795ba506c03,./.cache/pypoetry/cache/repositories/PyPI/_http/2/b/0/b/3/2b0b3274f952f1ccb69a056b0f414c74a63cdf6658180795ba506c03,0.01,,2024-04-10 13:43:30
2332da5ae322eda2d300109efbb9a3f7c5a5f271def9b21f15ef9bc2.lock,./.cache/pypoetry/cache/repositories/PyPI/_http/2/3/3/2/d/2332da5ae322eda2d300109efbb9a3f7c5a5f271def9b21f15ef9bc2.lock,0.00,.lock,2024-04-10 13:43:33
2332da5ae322eda2d300109efbb9a3f7c5a5f271def9b21f15ef9bc2,./.cache/pypoetry/cache/repositories/PyPI/_http/2/3/3/2/d/2332da5ae322eda2d300109efbb9a3f7c5a5f271def9b21f15ef9bc2,0.01,,2024-04-10 13:43:33
8ac4d14dc45e27d21da49fb515570b6f875b78707de9b08ce1088d1b.lock,./.cache/pypoetry/cache/repositories/PyPI/_http/8/a/c/4/d/8ac4d14dc45e27d21da49fb515570b6f875b78707de9b08ce1088d1b.lock,0.00,.lock,2024-04-10 13:43:32
8ac4d14dc45e27d21da49fb515570b6f875b78707de9b08ce1088d1b,./.cache/pypoetry/cache/repositories/PyPI/_http/8/a/c/4/d/8ac4d14dc45e27d21da49fb515570b6f875b78707de9b08ce1088d1b,0.02,,2024-04-10 13:43:32
85385fd8a53d3d88ac67db4bf015be7ba931f024227668d42969ea92.lock,./.cache/pypoetry/cache/repositories/PyPI/_http/8/5/3/8/5/85385fd8a53d3d88ac67db4bf015be7ba931f024227668d42969ea92.lock,0.00,.lock,2024-04-10 13:43:32
85385fd8a53d3d88ac67db4bf015be7ba931f024227668d42969ea92,./.cache/pypoetry/cache/repositories/PyPI/_http/8/5/3/8/5/85385fd8a53d3d88ac67db4bf015be7ba931f024227668d42969ea92,0.01,,2024-04-10 13:43:32
8d0e104919449355aedb55b5b546bb9fd53f0e1a8ca1b082109464e9.lock,./.cache/pypoetry/cache/repositories/PyPI/_http/8/d/0/e/1/8d0e104919449355aedb55b5b546bb9fd53f0e1a8ca1b082109464e9.lock,0.00,.lock,2024-04-10 13:43:26
8d0e104919449355aedb55b5b546bb9fd53f0e1a8ca1b082109464e9,./.cache/pypoetry/cache/repositories/PyPI/_http/8/d/0/e/1/8d0e104919449355aedb55b5b546bb9fd53f0e1a8ca1b082109464e9,0.02,,2024-04-10 13:43:26
8b24226e2da88df4abeee0d8ca6bce79b19ca2bcd5f94b543939c66c.lock,./.cache/pypoetry/cache/repositories/PyPI/_http/8/b/2/4/2/8b24226e2da88df4abeee0d8ca6bce79b19ca2bcd5f94b543939c66c.lock,0.00,.lock,2024-04-10 13:43:28
8b24226e2da88df4abeee0d8ca6bce79b19ca2bcd5f94b543939c66c,./.cache/pypoetry/cache/repositories/PyPI/_http/8/b/2/4/2/8b24226e2da88df4abeee0d8ca6bce79b19ca2bcd5f94b543939c66c,0.01,,2024-04-10 13:43:28
8c69355026e9628255b060ae6953b74c192c8dd878dbae81cd0b0ffa.lock,./.cache/pypoetry/cache/repositories/PyPI/_http/8/c/6/9/3/8c69355026e9628255b060ae6953b74c192c8dd878dbae81cd0b0ffa.lock,0.00,.lock,2024-04-10 13:43:33
8c69355026e9628255b060ae6953b74c192c8dd878dbae81cd0b0ffa,./.cache/pypoetry/cache/repositories/PyPI/_http/8/c/6/9/3/8c69355026e9628255b060ae6953b74c192c8dd878dbae81cd0b0ffa,0.00,,2024-04-10 13:43:33
45976c194ebb9180bf7410d422bcad653ce13bcb64dda0d07d72b09d.lock,./.cache/pypoetry/cache/repositories/PyPI/_http/4/5/9/7/6/45976c194ebb9180bf7410d422bcad653ce13bcb64dda0d07d72b09d.lock,0.00,.lock,2024-04-10 13:43:32
45976c194ebb9180bf7410d422bcad653ce13bcb64dda0d07d72b09d,./.cache/pypoetry/cache/repositories/PyPI/_http/4/5/9/7/6/45976c194ebb9180bf7410d422bcad653ce13bcb64dda0d07d72b09d,0.01,,2024-04-10 13:43:32
4be07d3ac353e38d2c9e3a257cad36ee2a758fc88b4cd5f0d479a5a9.lock,./.cache/pypoetry/cache/repositories/PyPI/_http/4/b/e/0/7/4be07d3ac353e38d2c9e3a257cad36ee2a758fc88b4cd5f0d479a5a9.lock,0.00,.lock,2024-04-10 13:43:28
4be07d3ac353e38d2c9e3a257cad36ee2a758fc88b4cd5f0d479a5a9,./.cache/pypoetry/cache/repositories/PyPI/_http/4/b/e/0/7/4be07d3ac353e38d2c9e3a257cad36ee2a758fc88b4cd5f0d479a5a9,0.02,,2024-04-10 13:43:28
4fb82b8ca70b2cdc81634bb562c2843c21856fdb7e8af70131ff293a.lock,./.cache/pypoetry/cache/repositories/PyPI/_http/4/f/b/8/2/4fb82b8ca70b2cdc81634bb562c2843c21856fdb7e8af70131ff293a.lock,0.00,.lock,2024-04-10 13:43:29
4fb82b8ca70b2cdc81634bb562c2843c21856fdb7e8af70131ff293a,./.cache/pypoetry/cache/repositories/PyPI/_http/4/f/b/8/2/4fb82b8ca70b2cdc81634bb562c2843c21856fdb7e8af70131ff293a,0.01,,2024-04-10 13:43:29
4dc07ffa7cae87ee16d69571b2c74399b5b61681aa545c7822dd5b40.lock,./.cache/pypoetry/cache/repositories/PyPI/_http/4/d/c/0/7/4dc07ffa7cae87ee16d69571b2c74399b5b61681aa545c7822dd5b40.lock,0.00,.lock,2024-04-10 13:43:30
4dc07ffa7cae87ee16d69571b2c74399b5b61681aa545c7822dd5b40,./.cache/pypoetry/cache/repositories/PyPI/_http/4/d/c/0/7/4dc07ffa7cae87ee16d69571b2c74399b5b61681aa545c7822dd5b40,0.01,,2024-04-10 13:43:30
47c03a077e5bd515b19009580cb593c38214dc364f848f6489d9568e.lock,./.cache/pypoetry/cache/repositories/PyPI/_http/4/7/c/0/3/47c03a077e5bd515b19009580cb593c38214dc364f848f6489d9568e.lock,0.00,.lock,2024-04-10 13:43:32
47c03a077e5bd515b19009580cb593c38214dc364f848f6489d9568e,./.cache/pypoetry/cache/repositories/PyPI/_http/4/7/c/0/3/47c03a077e5bd515b19009580cb593c38214dc364f848f6489d9568e,0.01,,2024-04-10 13:43:32
9cc6939c61442ece13bdcac1a4f63ac9be8b2e7a5a8148e85ca678e2.lock,./.cache/pypoetry/cache/repositories/PyPI/_http/9/c/c/6/9/9cc6939c61442ece13bdcac1a4f63ac9be8b2e7a5a8148e85ca678e2.lock,0.00,.lock,2024-04-10 13:43:28
9cc6939c61442ece13bdcac1a4f63ac9be8b2e7a5a8148e85ca678e2,./.cache/pypoetry/cache/repositories/PyPI/_http/9/c/c/6/9/9cc6939c61442ece13bdcac1a4f63ac9be8b2e7a5a8148e85ca678e2,0.02,,2024-04-10 13:43:28
9452417670b2e75527d793717779fce5d54e5f21adb3344c273876fa.lock,./.cache/pypoetry/cache/repositories/PyPI/_http/9/4/5/2/4/9452417670b2e75527d793717779fce5d54e5f21adb3344c273876fa.lock,0.00,.lock,2024-04-10 13:43:32
9452417670b2e75527d793717779fce5d54e5f21adb3344c273876fa,./.cache/pypoetry/cache/repositories/PyPI/_http/9/4/5/2/4/9452417670b2e75527d793717779fce5d54e5f21adb3344c273876fa,0.06,,2024-04-10 13:43:32
d5696d321049dcbc935d461f2b4c811a847de11bae7c3098e3048d66.lock,./.cache/pypoetry/cache/repositories/PyPI/_http/d/5/6/9/6/d5696d321049dcbc935d461f2b4c811a847de11bae7c3098e3048d66.lock,0.00,.lock,2024-04-10 13:43:36
d5696d321049dcbc935d461f2b4c811a847de11bae7c3098e3048d66,./.cache/pypoetry/cache/repositories/PyPI/_http/d/5/6/9/6/d5696d321049dcbc935d461f2b4c811a847de11bae7c3098e3048d66,0.00,,2024-04-10 13:43:36
dff5e4c5cea174493abc3c33b4db9275d06319301697144eda7e3e82.lock,./.cache/pypoetry/cache/repositories/PyPI/_http/d/f/f/5/e/dff5e4c5cea174493abc3c33b4db9275d06319301697144eda7e3e82.lock,0.00,.lock,2024-04-10 13:43:36
dff5e4c5cea174493abc3c33b4db9275d06319301697144eda7e3e82,./.cache/pypoetry/cache/repositories/PyPI/_http/d/f/f/5/e/dff5e4c5cea174493abc3c33b4db9275d06319301697144eda7e3e82,0.00,,2024-04-10 13:43:36
de437938ef85929246af957191da12fbc37876e8e6bf1a090f59e1d8.lock,./.cache/pypoetry/cache/repositories/PyPI/_http/d/e/4/3/7/de437938ef85929246af957191da12fbc37876e8e6bf1a090f59e1d8.lock,0.00,.lock,2024-04-10 13:43:27
de437938ef85929246af957191da12fbc37876e8e6bf1a090f59e1d8,./.cache/pypoetry/cache/repositories/PyPI/_http/d/e/4/3/7/de437938ef85929246af957191da12fbc37876e8e6bf1a090f59e1d8,0.37,,2024-04-10 13:43:27
db824c526d765b86c60e3a8f549e4d9f6b2c1e8876b000670174e0bc.lock,./.cache/pypoetry/cache/repositories/PyPI/_http/d/b/8/2/4/db824c526d765b86c60e3a8f549e4d9f6b2c1e8876b000670174e0bc.lock,0.00,.lock,2024-04-10 13:43:31
db824c526d765b86c60e3a8f549e4d9f6b2c1e8876b000670174e0bc,./.cache/pypoetry/cache/repositories/PyPI/_http/d/b/8/2/4/db824c526d765b86c60e3a8f549e4d9f6b2c1e8876b000670174e0bc,0.00,,2024-04-10 13:43:31
d0f123fd04f4d39dc01d91a96a47c3af51dfcd3b03a212cabe3463b2.lock,./.cache/pypoetry/cache/repositories/PyPI/_http/d/0/f/1/2/d0f123fd04f4d39dc01d91a96a47c3af51dfcd3b03a212cabe3463b2.lock,0.00,.lock,2024-04-10 13:43:32
d0f123fd04f4d39dc01d91a96a47c3af51dfcd3b03a212cabe3463b2,./.cache/pypoetry/cache/repositories/PyPI/_http/d/0/f/1/2/d0f123fd04f4d39dc01d91a96a47c3af51dfcd3b03a212cabe3463b2,0.01,,2024-04-10 13:43:32
c115af6e1dcb6f8536a6040907a266f2edede58de741819d6eccc5ee.lock,./.cache/pypoetry/cache/repositories/PyPI/_http/c/1/1/5/a/c115af6e1dcb6f8536a6040907a266f2edede58de741819d6eccc5ee.lock,0.00,.lock,2023-12-19 22:10:05
c115af6e1dcb6f8536a6040907a266f2edede58de741819d6eccc5ee,./.cache/pypoetry/cache/repositories/PyPI/_http/c/1/1/5/a/c115af6e1dcb6f8536a6040907a266f2edede58de741819d6eccc5ee,0.01,,2023-12-19 22:10:05
ca11a1ad84a648c9a7ed607c40e4e702086d4fc18cef6171e93e142d.lock,./.cache/pypoetry/cache/repositories/PyPI/_http/c/a/1/1/a/ca11a1ad84a648c9a7ed607c40e4e702086d4fc18cef6171e93e142d.lock,0.00,.lock,2024-04-10 13:43:29
ca11a1ad84a648c9a7ed607c40e4e702086d4fc18cef6171e93e142d,./.cache/pypoetry/cache/repositories/PyPI/_http/c/a/1/1/a/ca11a1ad84a648c9a7ed607c40e4e702086d4fc18cef6171e93e142d,0.01,,2024-04-10 13:43:29
c4203c5060d0f778eafd521050eab23e6aaa0f9eefa17eb1e671212c.lock,./.cache/pypoetry/cache/repositories/PyPI/_http/c/4/2/0/3/c4203c5060d0f778eafd521050eab23e6aaa0f9eefa17eb1e671212c.lock,0.00,.lock,2024-04-10 13:43:30
c4203c5060d0f778eafd521050eab23e6aaa0f9eefa17eb1e671212c,./.cache/pypoetry/cache/repositories/PyPI/_http/c/4/2/0/3/c4203c5060d0f778eafd521050eab23e6aaa0f9eefa17eb1e671212c,0.17,,2024-04-10 13:43:30
cb52a2d86b549893dbebd3c41cb632b74900e6546f238508e1029e00.lock,./.cache/pypoetry/cache/repositories/PyPI/_http/c/b/5/2/a/cb52a2d86b549893dbebd3c41cb632b74900e6546f238508e1029e00.lock,0.00,.lock,2024-04-10 13:43:31
cb52a2d86b549893dbebd3c41cb632b74900e6546f238508e1029e00,./.cache/pypoetry/cache/repositories/PyPI/_http/c/b/5/2/a/cb52a2d86b549893dbebd3c41cb632b74900e6546f238508e1029e00,0.01,,2024-04-10 13:43:31
382e88e4c73e414191e8cb826e376246d0561d91b3595d3d620e4589.lock,./.cache/pypoetry/cache/repositories/PyPI/_http/3/8/2/e/8/382e88e4c73e414191e8cb826e376246d0561d91b3595d3d620e4589.lock,0.00,.lock,2024-03-19 19:05:15
382e88e4c73e414191e8cb826e376246d0561d91b3595d3d620e4589,./.cache/pypoetry/cache/repositories/PyPI/_http/3/8/2/e/8/382e88e4c73e414191e8cb826e376246d0561d91b3595d3d620e4589,0.01,,2024-03-19 19:05:15
3714f30e73096a644e391e0e450b37feb25efbd3d8f92311b4349dcf.lock,./.cache/pypoetry/cache/repositories/PyPI/_http/3/7/1/4/f/3714f30e73096a644e391e0e450b37feb25efbd3d8f92311b4349dcf.lock,0.00,.lock,2023-12-19 22:10:05
3714f30e73096a644e391e0e450b37feb25efbd3d8f92311b4349dcf,./.cache/pypoetry/cache/repositories/PyPI/_http/3/7/1/4/f/3714f30e73096a644e391e0e450b37feb25efbd3d8f92311b4349dcf,0.01,,2023-12-19 22:10:05
3d1da2fa07a4bf6ecc43788ce620181d5ed184e3f8a3f3f25a5c3344.lock,./.cache/pypoetry/cache/repositories/PyPI/_http/3/d/1/d/a/3d1da2fa07a4bf6ecc43788ce620181d5ed184e3f8a3f3f25a5c3344.lock,0.00,.lock,2024-03-19 19:05:15
3d1da2fa07a4bf6ecc43788ce620181d5ed184e3f8a3f3f25a5c3344,./.cache/pypoetry/cache/repositories/PyPI/_http/3/d/1/d/a/3d1da2fa07a4bf6ecc43788ce620181d5ed184e3f8a3f3f25a5c3344,0.01,,2024-03-19 19:05:15
336f9f13c7628bedacf7a6885f9d2b066972c99c0d09bf7d2d2d757c.lock,./.cache/pypoetry/cache/repositories/PyPI/_http/3/3/6/f/9/336f9f13c7628bedacf7a6885f9d2b066972c99c0d09bf7d2d2d757c.lock,0.00,.lock,2024-04-10 13:43:26
336f9f13c7628bedacf7a6885f9d2b066972c99c0d09bf7d2d2d757c,./.cache/pypoetry/cache/repositories/PyPI/_http/3/3/6/f/9/336f9f13c7628bedacf7a6885f9d2b066972c99c0d09bf7d2d2d757c,0.00,,2024-04-10 13:43:26
3fdd2b71a28cf7bb5ce73cb583d37608c207d0c18b05e0b512299e62.lock,./.cache/pypoetry/cache/repositories/PyPI/_http/3/f/d/d/2/3fdd2b71a28cf7bb5ce73cb583d37608c207d0c18b05e0b512299e62.lock,0.00,.lock,2024-04-10 13:43:28
3fdd2b71a28cf7bb5ce73cb583d37608c207d0c18b05e0b512299e62,./.cache/pypoetry/cache/repositories/PyPI/_http/3/f/d/d/2/3fdd2b71a28cf7bb5ce73cb583d37608c207d0c18b05e0b512299e62,0.03,,2024-04-10 13:43:28
361bf053ab706a1212f013301d35a0c4b0af9cd8cc559d24c73d6a6f.lock,./.cache/pypoetry/cache/repositories/PyPI/_http/3/6/1/b/f/361bf053ab706a1212f013301d35a0c4b0af9cd8cc559d24c73d6a6f.lock,0.00,.lock,2024-04-10 13:43:29
361bf053ab706a1212f013301d35a0c4b0af9cd8cc559d24c73d6a6f,./.cache/pypoetry/cache/repositories/PyPI/_http/3/6/1/b/f/361bf053ab706a1212f013301d35a0c4b0af9cd8cc559d24c73d6a6f,0.17,,2024-04-10 13:43:29
04e017851dbfe81db92d092eaaf2526622c3950bcb8f2696e57143da.lock,./.cache/pypoetry/cache/repositories/PyPI/_http/0/4/e/0/1/04e017851dbfe81db92d092eaaf2526622c3950bcb8f2696e57143da.lock,0.00,.lock,2024-04-10 13:43:32
04e017851dbfe81db92d092eaaf2526622c3950bcb8f2696e57143da,./.cache/pypoetry/cache/repositories/PyPI/_http/0/4/e/0/1/04e017851dbfe81db92d092eaaf2526622c3950bcb8f2696e57143da,0.01,,2024-04-10 13:43:32
0d76fef7d8eef3a681cac54fa801434b324ccd9485677d706883646c.lock,./.cache/pypoetry/cache/repositories/PyPI/_http/0/d/7/6/f/0d76fef7d8eef3a681cac54fa801434b324ccd9485677d706883646c.lock,0.00,.lock,2024-04-10 13:43:31
0d76fef7d8eef3a681cac54fa801434b324ccd9485677d706883646c,./.cache/pypoetry/cache/repositories/PyPI/_http/0/d/7/6/f/0d76fef7d8eef3a681cac54fa801434b324ccd9485677d706883646c,0.02,,2024-04-10 13:43:31
f1fa10111568cf3977cbca1285a636edbe346634bc9150a243be83a6.lock,./.cache/pypoetry/cache/repositories/PyPI/_http/f/1/f/a/1/f1fa10111568cf3977cbca1285a636edbe346634bc9150a243be83a6.lock,0.00,.lock,2023-12-19 22:10:05
f1fa10111568cf3977cbca1285a636edbe346634bc9150a243be83a6,./.cache/pypoetry/cache/repositories/PyPI/_http/f/1/f/a/1/f1fa10111568cf3977cbca1285a636edbe346634bc9150a243be83a6,0.01,,2023-12-19 22:10:05
f9b4da9cfb3237f2ef95003914fb133219d929f5f348fc09620676a9.lock,./.cache/pypoetry/cache/repositories/PyPI/_http/f/9/b/4/d/f9b4da9cfb3237f2ef95003914fb133219d929f5f348fc09620676a9.lock,0.00,.lock,2024-04-10 13:43:28
f9b4da9cfb3237f2ef95003914fb133219d929f5f348fc09620676a9,./.cache/pypoetry/cache/repositories/PyPI/_http/f/9/b/4/d/f9b4da9cfb3237f2ef95003914fb133219d929f5f348fc09620676a9,0.01,,2024-04-10 13:43:28
f2a2370e1b94dff837e3d43805ca85317ab1e38b93a46eb9d36c2d94.lock,./.cache/pypoetry/cache/repositories/PyPI/_http/f/2/a/2/3/f2a2370e1b94dff837e3d43805ca85317ab1e38b93a46eb9d36c2d94.lock,0.00,.lock,2024-04-10 13:43:28
f2a2370e1b94dff837e3d43805ca85317ab1e38b93a46eb9d36c2d94,./.cache/pypoetry/cache/repositories/PyPI/_http/f/2/a/2/3/f2a2370e1b94dff837e3d43805ca85317ab1e38b93a46eb9d36c2d94,0.01,,2024-04-10 13:43:28
f765391cde3eb8159dd2a8c476b022a7696cfd9495bf129ab8f32a5b.lock,./.cache/pypoetry/cache/repositories/PyPI/_http/f/7/6/5/3/f765391cde3eb8159dd2a8c476b022a7696cfd9495bf129ab8f32a5b.lock,0.00,.lock,2024-04-10 13:43:30
f765391cde3eb8159dd2a8c476b022a7696cfd9495bf129ab8f32a5b,./.cache/pypoetry/cache/repositories/PyPI/_http/f/7/6/5/3/f765391cde3eb8159dd2a8c476b022a7696cfd9495bf129ab8f32a5b,0.02,,2024-04-10 13:43:30
a95f362f2902910922431ce7b76d7c68de2e5cc12088dff7535174b1.lock,./.cache/pypoetry/cache/repositories/PyPI/_http/a/9/5/f/3/a95f362f2902910922431ce7b76d7c68de2e5cc12088dff7535174b1.lock,0.00,.lock,2024-04-10 13:43:36
a95f362f2902910922431ce7b76d7c68de2e5cc12088dff7535174b1,./.cache/pypoetry/cache/repositories/PyPI/_http/a/9/5/f/3/a95f362f2902910922431ce7b76d7c68de2e5cc12088dff7535174b1,0.01,,2024-04-10 13:43:36
a9024e4fd61712bdecba6efabce67d49059b91f9c0282300361cd476.lock,./.cache/pypoetry/cache/repositories/PyPI/_http/a/9/0/2/4/a9024e4fd61712bdecba6efabce67d49059b91f9c0282300361cd476.lock,0.00,.lock,2024-04-10 13:43:30
a9024e4fd61712bdecba6efabce67d49059b91f9c0282300361cd476,./.cache/pypoetry/cache/repositories/PyPI/_http/a/9/0/2/4/a9024e4fd61712bdecba6efabce67d49059b91f9c0282300361cd476,0.01,,2024-04-10 13:43:30
a46b74c1407dd55ebf9eeb7eb2c73000028b7639a6ed9edc7981950c.lock,./.cache/pypoetry/cache/repositories/PyPI/_http/a/4/6/b/7/a46b74c1407dd55ebf9eeb7eb2c73000028b7639a6ed9edc7981950c.lock,0.00,.lock,2024-04-10 13:43:29
a46b74c1407dd55ebf9eeb7eb2c73000028b7639a6ed9edc7981950c,./.cache/pypoetry/cache/repositories/PyPI/_http/a/4/6/b/7/a46b74c1407dd55ebf9eeb7eb2c73000028b7639a6ed9edc7981950c,0.26,,2024-04-10 13:43:29
a23cd4a4fae73d66673863723f969bb7a50a9ef420ff98b7dceb7cdf.lock,./.cache/pypoetry/cache/repositories/PyPI/_http/a/2/3/c/d/a23cd4a4fae73d66673863723f969bb7a50a9ef420ff98b7dceb7cdf.lock,0.00,.lock,2024-04-10 13:43:31
a23cd4a4fae73d66673863723f969bb7a50a9ef420ff98b7dceb7cdf,./.cache/pypoetry/cache/repositories/PyPI/_http/a/2/3/c/d/a23cd4a4fae73d66673863723f969bb7a50a9ef420ff98b7dceb7cdf,0.00,,2024-04-10 13:43:31
a30872b5716950b4b29b0627ee9679eeefc2f88505234033431621a1.lock,./.cache/pypoetry/cache/repositories/PyPI/_http/a/3/0/8/7/a30872b5716950b4b29b0627ee9679eeefc2f88505234033431621a1.lock,0.00,.lock,2024-04-10 13:43:32
a30872b5716950b4b29b0627ee9679eeefc2f88505234033431621a1,./.cache/pypoetry/cache/repositories/PyPI/_http/a/3/0/8/7/a30872b5716950b4b29b0627ee9679eeefc2f88505234033431621a1,0.03,,2024-04-10 13:43:32
61748e2ceaf79fce181eac361dbebb2ef6577d27355dc28fdc216790.lock,./.cache/pypoetry/cache/repositories/PyPI/_http/6/1/7/4/8/61748e2ceaf79fce181eac361dbebb2ef6577d27355dc28fdc216790.lock,0.00,.lock,2024-04-10 13:43:26
61748e2ceaf79fce181eac361dbebb2ef6577d27355dc28fdc216790,./.cache/pypoetry/cache/repositories/PyPI/_http/6/1/7/4/8/61748e2ceaf79fce181eac361dbebb2ef6577d27355dc28fdc216790,0.01,,2024-04-10 13:43:26
61678d682a1ea716fb4acccebc1350da197d2251a96e4b9220061051.lock,./.cache/pypoetry/cache/repositories/PyPI/_http/6/1/6/7/8/61678d682a1ea716fb4acccebc1350da197d2251a96e4b9220061051.lock,0.00,.lock,2024-04-10 13:43:31
61678d682a1ea716fb4acccebc1350da197d2251a96e4b9220061051,./.cache/pypoetry/cache/repositories/PyPI/_http/6/1/6/7/8/61678d682a1ea716fb4acccebc1350da197d2251a96e4b9220061051,0.07,,2024-04-10 13:43:31
69736ceec14c1619097216c13161f4c5b961f886f410d18cddb89b31.lock,./.cache/pypoetry/cache/repositories/PyPI/_http/6/9/7/3/6/69736ceec14c1619097216c13161f4c5b961f886f410d18cddb89b31.lock,0.00,.lock,2024-04-10 13:43:33
69736ceec14c1619097216c13161f4c5b961f886f410d18cddb89b31,./.cache/pypoetry/cache/repositories/PyPI/_http/6/9/7/3/6/69736ceec14c1619097216c13161f4c5b961f886f410d18cddb89b31,0.01,,2024-04-10 13:43:33
6397df560c064e29bbe8227193da91ad752f036dabfe75cd7707e250.lock,./.cache/pypoetry/cache/repositories/PyPI/_http/6/3/9/7/d/6397df560c064e29bbe8227193da91ad752f036dabfe75cd7707e250.lock,0.00,.lock,2024-04-10 13:43:33
6397df560c064e29bbe8227193da91ad752f036dabfe75cd7707e250,./.cache/pypoetry/cache/repositories/PyPI/_http/6/3/9/7/d/6397df560c064e29bbe8227193da91ad752f036dabfe75cd7707e250,0.01,,2024-04-10 13:43:33
eac61126daf80149d2a016f12a54eab5e3b5c1dbc77410ff1a97edc4.lock,./.cache/pypoetry/cache/repositories/PyPI/_http/e/a/c/6/1/eac61126daf80149d2a016f12a54eab5e3b5c1dbc77410ff1a97edc4.lock,0.00,.lock,2024-04-10 13:43:26
eac61126daf80149d2a016f12a54eab5e3b5c1dbc77410ff1a97edc4,./.cache/pypoetry/cache/repositories/PyPI/_http/e/a/c/6/1/eac61126daf80149d2a016f12a54eab5e3b5c1dbc77410ff1a97edc4,0.03,,2024-04-10 13:43:26
e207426cbcf220918fdf354826064190a066f96cd6ad8830f1f11fdc.lock,./.cache/pypoetry/cache/repositories/PyPI/_http/e/2/0/7/4/e207426cbcf220918fdf354826064190a066f96cd6ad8830f1f11fdc.lock,0.00,.lock,2024-04-10 13:43:28
e207426cbcf220918fdf354826064190a066f96cd6ad8830f1f11fdc,./.cache/pypoetry/cache/repositories/PyPI/_http/e/2/0/7/4/e207426cbcf220918fdf354826064190a066f96cd6ad8830f1f11fdc,0.01,,2024-04-10 13:43:28
e13fa9b0f8346e0f061ccb4309b60f319a230b2995f2ef4ca6bd28e5.lock,./.cache/pypoetry/cache/repositories/PyPI/_http/e/1/3/f/a/e13fa9b0f8346e0f061ccb4309b60f319a230b2995f2ef4ca6bd28e5.lock,0.00,.lock,2024-04-10 13:43:28
e13fa9b0f8346e0f061ccb4309b60f319a230b2995f2ef4ca6bd28e5,./.cache/pypoetry/cache/repositories/PyPI/_http/e/1/3/f/a/e13fa9b0f8346e0f061ccb4309b60f319a230b2995f2ef4ca6bd28e5,0.01,,2024-04-10 13:43:28
ee24bc3de6d4893488df4593880132e374d595c0a3124d1ca1e62cf7.lock,./.cache/pypoetry/cache/repositories/PyPI/_http/e/e/2/4/b/ee24bc3de6d4893488df4593880132e374d595c0a3124d1ca1e62cf7.lock,0.00,.lock,2024-04-10 13:43:29
ee24bc3de6d4893488df4593880132e374d595c0a3124d1ca1e62cf7,./.cache/pypoetry/cache/repositories/PyPI/_http/e/e/2/4/b/ee24bc3de6d4893488df4593880132e374d595c0a3124d1ca1e62cf7,0.01,,2024-04-10 13:43:29
ecead28af6a7c1785ea4b039c03190e283fa5a04a7d62bd69a19525e.lock,./.cache/pypoetry/cache/repositories/PyPI/_http/e/c/e/a/d/ecead28af6a7c1785ea4b039c03190e283fa5a04a7d62bd69a19525e.lock,0.00,.lock,2024-04-10 13:43:33
ecead28af6a7c1785ea4b039c03190e283fa5a04a7d62bd69a19525e,./.cache/pypoetry/cache/repositories/PyPI/_http/e/c/e/a/d/ecead28af6a7c1785ea4b039c03190e283fa5a04a7d62bd69a19525e,0.03,,2024-04-10 13:43:33
74c23efaba0aefeec9df19b9bcb8d8a54489122b5468dda04fb92810.lock,./.cache/pypoetry/cache/repositories/PyPI/_http/7/4/c/2/3/74c23efaba0aefeec9df19b9bcb8d8a54489122b5468dda04fb92810.lock,0.00,.lock,2024-04-10 13:43:28
74c23efaba0aefeec9df19b9bcb8d8a54489122b5468dda04fb92810,./.cache/pypoetry/cache/repositories/PyPI/_http/7/4/c/2/3/74c23efaba0aefeec9df19b9bcb8d8a54489122b5468dda04fb92810,0.01,,2024-04-10 13:43:28
760e82d05ae1c5a0dc2aceab8cd6f19922aba519a6de6de2028fa9c6.lock,./.cache/pypoetry/cache/repositories/PyPI/_http/7/6/0/e/8/760e82d05ae1c5a0dc2aceab8cd6f19922aba519a6de6de2028fa9c6.lock,0.00,.lock,2024-04-10 13:43:31
760e82d05ae1c5a0dc2aceab8cd6f19922aba519a6de6de2028fa9c6,./.cache/pypoetry/cache/repositories/PyPI/_http/7/6/0/e/8/760e82d05ae1c5a0dc2aceab8cd6f19922aba519a6de6de2028fa9c6,0.01,,2024-04-10 13:43:31
bfd6322b8f4c82d6b7ed54608512187e126478b3b0851b74973f4adc.lock,./.cache/pypoetry/cache/repositories/PyPI/_http/b/f/d/6/3/bfd6322b8f4c82d6b7ed54608512187e126478b3b0851b74973f4adc.lock,0.00,.lock,2024-04-10 13:43:31
bfd6322b8f4c82d6b7ed54608512187e126478b3b0851b74973f4adc,./.cache/pypoetry/cache/repositories/PyPI/_http/b/f/d/6/3/bfd6322b8f4c82d6b7ed54608512187e126478b3b0851b74973f4adc,0.28,,2024-04-10 13:43:31
b368ad2366cf29335388a6d0c366d3ad5d990d0fe960c1677d5e51b8.lock,./.cache/pypoetry/cache/repositories/PyPI/_http/b/3/6/8/a/b368ad2366cf29335388a6d0c366d3ad5d990d0fe960c1677d5e51b8.lock,0.00,.lock,2024-04-10 13:43:32
b368ad2366cf29335388a6d0c366d3ad5d990d0fe960c1677d5e51b8,./.cache/pypoetry/cache/repositories/PyPI/_http/b/3/6/8/a/b368ad2366cf29335388a6d0c366d3ad5d990d0fe960c1677d5e51b8,0.00,,2024-04-10 13:43:32
b869e106dba85c81d88c22370d8a79d9d5a91114b5ee15fc05ca6970.lock,./.cache/pypoetry/cache/repositories/PyPI/_http/b/8/6/9/e/b869e106dba85c81d88c22370d8a79d9d5a91114b5ee15fc05ca6970.lock,0.00,.lock,2024-04-10 13:43:33
b869e106dba85c81d88c22370d8a79d9d5a91114b5ee15fc05ca6970,./.cache/pypoetry/cache/repositories/PyPI/_http/b/8/6/9/e/b869e106dba85c81d88c22370d8a79d9d5a91114b5ee15fc05ca6970,0.02,,2024-04-10 13:43:33
566394d73aad673514aa70f3fe2e993d1f9f776cac0de2fb33c662d3fe371d53,./.cache/pypoetry/cache/repositories/PyPI/56/63/94/d7/3a/ad/67/35/566394d73aad673514aa70f3fe2e993d1f9f776cac0de2fb33c662d3fe371d53,0.00,,2023-12-19 22:10:05
fcbec96366ee56f96c6085438023374b84300fe071cf2f487868ba7d6d8db5d2,./.cache/pypoetry/cache/repositories/PyPI/fc/be/c9/63/66/ee/56/f9/fcbec96366ee56f96c6085438023374b84300fe071cf2f487868ba7d6d8db5d2,0.00,,2023-12-19 22:10:05
3320513bf1db59a37551ea098621e624d12c2880a1c279c3de0ed452410863e5,./.cache/pypoetry/cache/repositories/PyPI/33/20/51/3b/f1/db/59/a3/3320513bf1db59a37551ea098621e624d12c2880a1c279c3de0ed452410863e5,0.00,,2023-12-19 22:10:05
da3558aca63448fb0561a01aec5edc704be381290bbb9184116c87cfeb1b08ab,./.cache/pypoetry/cache/repositories/PyPI/da/35/58/ac/a6/34/48/fb/da3558aca63448fb0561a01aec5edc704be381290bbb9184116c87cfeb1b08ab,0.00,,2023-12-19 22:10:05
9107a6d3073502ae0ec7b95fbb7b2e042e615618c62d6f3a30f540ea140d6eb3,./.cache/pypoetry/cache/repositories/PyPI/91/07/a6/d3/07/35/02/ae/9107a6d3073502ae0ec7b95fbb7b2e042e615618c62d6f3a30f540ea140d6eb3,0.00,,2023-12-19 22:10:05
e6e6bf9bb8b1790db4a19d6bb41109538b3f5a02551df3596ecf3e7937a853e2,./.cache/pypoetry/cache/repositories/PyPI/e6/e6/bf/9b/b8/b1/79/0d/e6e6bf9bb8b1790db4a19d6bb41109538b3f5a02551df3596ecf3e7937a853e2,0.01,,2023-12-19 22:10:05
e6e28ef9bd3357b0be923c1785eb62139eb7ee2985bd14ce44f49da32f429954,./.cache/pypoetry/cache/repositories/PyPI/e6/e2/8e/f9/bd/33/57/b0/e6e28ef9bd3357b0be923c1785eb62139eb7ee2985bd14ce44f49da32f429954,0.01,,2024-04-10 13:43:32
f9c3abf70b72b56c3981053da41520401bd136c669872b1b24bd9afe133b1ba7,./.cache/pypoetry/cache/repositories/PyPI/f9/c3/ab/f7/0b/72/b5/6c/f9c3abf70b72b56c3981053da41520401bd136c669872b1b24bd9afe133b1ba7,0.00,,2023-12-19 22:10:05
f9e6bb475f4ea0075105c08662ac51adc811e99a5c7985faf9405785b8890a44,./.cache/pypoetry/cache/repositories/PyPI/f9/e6/bb/47/5f/4e/a0/07/f9e6bb475f4ea0075105c08662ac51adc811e99a5c7985faf9405785b8890a44,0.01,,2024-04-10 13:43:33
a4f14059b700ebff01c7b3b8441e623ec02ba897f8412e6fd8a673a5712dceca,./.cache/pypoetry/cache/repositories/PyPI/a4/f1/40/59/b7/00/eb/ff/a4f14059b700ebff01c7b3b8441e623ec02ba897f8412e6fd8a673a5712dceca,0.00,,2023-12-19 22:10:06
99ba3ad1f85da1c8a32978ef3a3f85918a7f920fb93f16c9999539ebd82eb58d,./.cache/pypoetry/cache/repositories/PyPI/99/ba/3a/d1/f8/5d/a1/c8/99ba3ad1f85da1c8a32978ef3a3f85918a7f920fb93f16c9999539ebd82eb58d,0.00,,2024-02-27 15:43:22
9f9d4455c28ad6e29e29b72090faeb759cea2a164b496f9c3175c8cc21808779,./.cache/pypoetry/cache/repositories/PyPI/9f/9d/44/55/c2/8a/d6/e2/9f9d4455c28ad6e29e29b72090faeb759cea2a164b496f9c3175c8cc21808779,0.00,,2024-03-19 19:05:14
6723d2b3189ca1625016c4abe9ae40112db30922ed05794ca637bb76cf720cf5,./.cache/pypoetry/cache/repositories/PyPI/67/23/d2/b3/18/9c/a1/62/6723d2b3189ca1625016c4abe9ae40112db30922ed05794ca637bb76cf720cf5,0.01,,2024-03-19 19:05:14
965c82bd9ac4e6331081ce8de8f65ce6e146761ffec89dc7d7b8ef7ba9478371,./.cache/pypoetry/cache/repositories/PyPI/96/5c/82/bd/9a/c4/e6/33/965c82bd9ac4e6331081ce8de8f65ce6e146761ffec89dc7d7b8ef7ba9478371,0.00,,2024-04-10 13:43:26
29e7a5a869f651adf46b9e8c0eea2cca1a4fd6fc43a38917c92752d75590f7ee,./.cache/pypoetry/cache/repositories/PyPI/29/e7/a5/a8/69/f6/51/ad/29e7a5a869f651adf46b9e8c0eea2cca1a4fd6fc43a38917c92752d75590f7ee,0.00,,2024-04-10 13:43:28
e3449419454a4a957f7441748b42d7e8f299a80b957b91180b31d33f00e565ff,./.cache/pypoetry/cache/repositories/PyPI/e3/44/94/19/45/4a/4a/95/e3449419454a4a957f7441748b42d7e8f299a80b957b91180b31d33f00e565ff,0.00,,2024-04-10 13:43:28
6b2f7c077a43a25e6bda0b9dd4f75c11860d01e92aee74df68e97f8e939fb452,./.cache/pypoetry/cache/repositories/PyPI/6b/2f/7c/07/7a/43/a2/5e/6b2f7c077a43a25e6bda0b9dd4f75c11860d01e92aee74df68e97f8e939fb452,0.00,,2024-04-10 13:43:28
f1ef2b37e1c127073cec189e5d4f36a61db12cdfee0cd0a658cda59eab0f24be,./.cache/pypoetry/cache/repositories/PyPI/f1/ef/2b/37/e1/c1/27/07/f1ef2b37e1c127073cec189e5d4f36a61db12cdfee0cd0a658cda59eab0f24be,0.00,,2024-04-10 13:43:29
d9d75a5f1903653c35696a7e695dfb40e7a15ad319533aca9a58ed9b576de275,./.cache/pypoetry/cache/repositories/PyPI/d9/d7/5a/5f/19/03/65/3c/d9d75a5f1903653c35696a7e695dfb40e7a15ad319533aca9a58ed9b576de275,0.00,,2024-04-10 13:43:29
f0400a16f0fdfcc39f591849b8e9f903aca41140c7ba49eb8fb42dda814f4f4f,./.cache/pypoetry/cache/repositories/PyPI/f0/40/0a/16/f0/fd/fc/c3/f0400a16f0fdfcc39f591849b8e9f903aca41140c7ba49eb8fb42dda814f4f4f,0.00,,2024-04-10 13:43:29
4388fef6705920f7e38014ee473386c941190127fe1862a9ff14a1507e315864,./.cache/pypoetry/cache/repositories/PyPI/43/88/fe/f6/70/59/20/f7/4388fef6705920f7e38014ee473386c941190127fe1862a9ff14a1507e315864,0.01,,2024-04-10 13:43:30
634ddd3bb8300dec588277e4541f8997b8fea3c186b8d42b2d304bc5ee2730da,./.cache/pypoetry/cache/repositories/PyPI/63/4d/dd/3b/b8/30/0d/ec/634ddd3bb8300dec588277e4541f8997b8fea3c186b8d42b2d304bc5ee2730da,0.01,,2024-04-10 13:43:30
039317f7476ff179b9fff5e21cdd6a7be073d86b1e9ca8e9198b11cf08e5e0ac,./.cache/pypoetry/cache/repositories/PyPI/03/93/17/f7/47/6f/f1/79/039317f7476ff179b9fff5e21cdd6a7be073d86b1e9ca8e9198b11cf08e5e0ac,0.00,,2024-04-10 13:43:30
4e375d4c6852ebfa23ec5202078be40729016247bead003507b6c2073e97f00c,./.cache/pypoetry/cache/repositories/PyPI/4e/37/5d/4c/68/52/eb/fa/4e375d4c6852ebfa23ec5202078be40729016247bead003507b6c2073e97f00c,0.01,,2024-04-10 13:43:30
ae6d94ee705cf7f92a7ae0fecc52170d77f722ebdede0ba07c994628c1b3601f,./.cache/pypoetry/cache/repositories/PyPI/ae/6d/94/ee/70/5c/f7/f9/ae6d94ee705cf7f92a7ae0fecc52170d77f722ebdede0ba07c994628c1b3601f,0.01,,2024-04-10 13:43:30
09c593519a2937cd40c83e3ce4e872775e30ab4b5e675f3b82a1e3c0e0821235,./.cache/pypoetry/cache/repositories/PyPI/09/c5/93/51/9a/29/37/cd/09c593519a2937cd40c83e3ce4e872775e30ab4b5e675f3b82a1e3c0e0821235,0.00,,2024-04-10 13:43:31
62633a12cf28c62c87aa00562c28367b9fa185b07b5e6b682b7a0a9f64872c7b,./.cache/pypoetry/cache/repositories/PyPI/62/63/3a/12/cf/28/c6/2c/62633a12cf28c62c87aa00562c28367b9fa185b07b5e6b682b7a0a9f64872c7b,0.01,,2024-04-10 13:43:31
c3221a3ab9138f9297a102fc860464e73ca101e9cf5759b6fe2a5cc4a8699ffc,./.cache/pypoetry/cache/repositories/PyPI/c3/22/1a/3a/b9/13/8f/92/c3221a3ab9138f9297a102fc860464e73ca101e9cf5759b6fe2a5cc4a8699ffc,0.00,,2024-04-10 13:43:31
523fd24fc1a39f27d83b980bebde7ab593d60de8b8db1dd0679e9a7fea3783ef,./.cache/pypoetry/cache/repositories/PyPI/52/3f/d2/4f/c1/a3/9f/27/523fd24fc1a39f27d83b980bebde7ab593d60de8b8db1dd0679e9a7fea3783ef,0.00,,2024-04-10 13:43:32
476ea39d5301ab69032055e9e62fb4297cee6eb27f83384aadbb70dcef16bb2b,./.cache/pypoetry/cache/repositories/PyPI/47/6e/a3/9d/53/01/ab/69/476ea39d5301ab69032055e9e62fb4297cee6eb27f83384aadbb70dcef16bb2b,0.00,,2024-04-10 13:43:32
c923e66c9be84393ea484083f2544b12d97adea910daa62432e68c49ee2a06ec,./.cache/pypoetry/cache/repositories/PyPI/c9/23/e6/6c/9b/e8/43/93/c923e66c9be84393ea484083f2544b12d97adea910daa62432e68c49ee2a06ec,0.00,,2024-04-10 13:43:32
d0108d4dbe568f7d353815b238031cfea408dad47ed5bb23ee1a755e1c6dfc42,./.cache/pypoetry/cache/repositories/PyPI/d0/10/8d/4d/be/56/8f/7d/d0108d4dbe568f7d353815b238031cfea408dad47ed5bb23ee1a755e1c6dfc42,0.00,,2024-04-10 13:43:33
a842650b9be53ffe25c41924cb1a0c5d16d95836f148f58f2bc17a1e1ec27a85,./.cache/pypoetry/cache/repositories/PyPI/a8/42/65/0b/9b/e5/3f/fe/a842650b9be53ffe25c41924cb1a0c5d16d95836f148f58f2bc17a1e1ec27a85,0.01,,2024-04-10 13:43:33
e565388dbb0780bf35847a0365d0510683fa7a78b2759c174b47419b7b96fa5e,./.cache/pypoetry/cache/repositories/PyPI/e5/65/38/8d/bb/07/80/bf/e565388dbb0780bf35847a0365d0510683fa7a78b2759c174b47419b7b96fa5e,0.00,,2024-04-10 13:43:33
7f3e46833c09db5137b7c1bcfb37cc679f515ff2b8d295a886c6c128ae7fa5eb,./.cache/pypoetry/cache/repositories/PyPI/7f/3e/46/83/3c/09/db/51/7f3e46833c09db5137b7c1bcfb37cc679f515ff2b8d295a886c6c128ae7fa5eb,0.00,,2024-04-10 13:43:33
88f2c3f01105667fe60cf97b0ee488de6f16d7591f524de753d4b79149920358,./.cache/pypoetry/cache/repositories/PyPI/88/f2/c3/f0/11/05/66/7f/88f2c3f01105667fe60cf97b0ee488de6f16d7591f524de753d4b79149920358,0.00,,2024-04-10 13:43:33
1e0b5218e07246d05542c4effe27e7506ef289925adb640d9e31a568ad7ff8c7,./.cache/pypoetry/cache/repositories/PyPI/1e/0b/52/18/e0/72/46/d0/1e0b5218e07246d05542c4effe27e7506ef289925adb640d9e31a568ad7ff8c7,0.00,,2024-04-10 13:43:33
MarkupSafe-2.1.3-cp310-cp310-manylinux_2_17_x86_64.manylinux2014_x86_64.whl,./.cache/pypoetry/artifacts/47/0f/18/7de9a17e4f9336a271624c93cd67e9bb725ff4b119911c3d7e1391a5ee/MarkupSafe-2.1.3-cp310-cp310-manylinux_2_17_x86_64.manylinux2014_x86_64.whl,0.02,.whl,2023-12-19 22:10:06
itsdangerous-2.1.2-py3-none-any.whl,./.cache/pypoetry/artifacts/e8/81/51/2125fdce167a9ecf83379504f659e5cb74080e501c624c60013cdcf45c/itsdangerous-2.1.2-py3-none-any.whl,0.02,.whl,2023-12-19 22:10:06
click-8.1.7-py3-none-any.whl,./.cache/pypoetry/artifacts/5c/c2/e2/e772753ccd41aaa07caa51116d596baa6a2628c065fdb77f41a510966d/click-8.1.7-py3-none-any.whl,0.09,.whl,2023-12-19 22:10:06
Jinja2-3.1.2-py3-none-any.whl,./.cache/pypoetry/artifacts/9a/2c/43/02814710e352b4ee9eaa30a2dbba395ed20d0dcc19c47b60faea9de927/Jinja2-3.1.2-py3-none-any.whl,0.13,.whl,2023-12-19 22:10:06
blinker-1.7.0-py3-none-any.whl,./.cache/pypoetry/artifacts/9e/09/f6/e1a7e627ca2c3727b1d510f547791c57ec3707447838fe7b58d177875f/blinker-1.7.0-py3-none-any.whl,0.01,.whl,2023-12-19 22:10:06
werkzeug-3.0.1-py3-none-any.whl,./.cache/pypoetry/artifacts/2e/89/c7/3ca60719b822812f35a23d75c0d7ed0e3add76d191c76d8de15a03a86e/werkzeug-3.0.1-py3-none-any.whl,0.22,.whl,2023-12-19 22:10:06
flask-3.0.0-py3-none-any.whl,./.cache/pypoetry/artifacts/57/ac/4f/de6267eefc0c735d8dbf73fa23e03fc2f945aa4893a64d8007577c20d9/flask-3.0.0-py3-none-any.whl,0.10,.whl,2023-12-19 22:10:06
flask-3.0.2-py3-none-any.whl,./.cache/pypoetry/artifacts/8c/b6/e3/2a9afdb73a2ce6138bdf34b193dafa3104f241e418d7d5025628b0dd4e/flask-3.0.2-py3-none-any.whl,0.10,.whl,2024-02-27 15:43:23
MarkupSafe-2.1.5-cp310-cp310-manylinux_2_17_x86_64.manylinux2014_x86_64.whl,./.cache/pypoetry/artifacts/4a/2d/be/139797a826440cf6e0927225f8898e84678bddf5803555332b9b382980/MarkupSafe-2.1.5-cp310-cp310-manylinux_2_17_x86_64.manylinux2014_x86_64.whl,0.02,.whl,2024-03-19 19:05:14
Jinja2-3.1.3-py3-none-any.whl,./.cache/pypoetry/artifacts/fc/ea/19/431c0003de6ff73ab02130c21ec5b13fde1bf9c7f1d4cf716c8c4658bd/Jinja2-3.1.3-py3-none-any.whl,0.13,.whl,2024-03-19 19:05:15
pycparser-2.22-py3-none-any.whl,./.cache/pypoetry/artifacts/32/18/5a/319ab8649009a54201add7897256650e0873aa30240ca3dd622cb5789d/pycparser-2.22-py3-none-any.whl,0.11,.whl,2024-04-10 13:43:34
urllib3-2.2.1-py3-none-any.whl,./.cache/pypoetry/artifacts/32/98/55/90d57741c22ad0f000d610f3f722b771e75726538dd4a6226f9f6d7994/urllib3-2.2.1-py3-none-any.whl,0.12,.whl,2024-04-10 13:43:36
frozenlist-1.4.1-cp310-cp310-manylinux_2_5_x86_64.manylinux1_x86_64.manylinux_2_17_x86_64.manylinux2014_x86_64.whl,./.cache/pypoetry/artifacts/a6/54/9c/65882877a500dd316c9031b9425df7cb143df6b7eb5bb3c653af1e1f74/frozenlist-1.4.1-cp310-cp310-manylinux_2_5_x86_64.manylinux1_x86_64.manylinux_2_17_x86_64.manylinux2014_x86_64.whl,0.23,.whl,2024-04-10 13:43:35
idna-3.6-py3-none-any.whl,./.cache/pypoetry/artifacts/dd/26/3f/10df02ca72a154cf83c892ba78e53c126f47b0372123f6f9aa6189a9d7/idna-3.6-py3-none-any.whl,0.06,.whl,2024-04-10 13:43:35
cffi-1.16.0-cp310-cp310-manylinux_2_17_x86_64.manylinux2014_x86_64.whl,./.cache/pypoetry/artifacts/7c/a4/82/0d1c5ce0cdbad1a9ae2a60a22a8b1d8745c627ee81fc113198b1a00666/cffi-1.16.0-cp310-cp310-manylinux_2_17_x86_64.manylinux2014_x86_64.whl,0.42,.whl,2024-04-10 13:43:35
multidict-6.0.5-cp310-cp310-manylinux_2_17_x86_64.manylinux2014_x86_64.whl,./.cache/pypoetry/artifacts/ac/93/04/13105de15dcca2d2b091beb89057a8717ef155753d4fcd1ef1a3cd3010/multidict-6.0.5-cp310-cp310-manylinux_2_17_x86_64.manylinux2014_x86_64.whl,0.12,.whl,2024-04-10 13:43:35
async_timeout-4.0.3-py3-none-any.whl,./.cache/pypoetry/artifacts/39/62/70/443952414505d2a757ad47acd8eecf4c9d7ab2cac831ac8b94c4058eba/async_timeout-4.0.3-py3-none-any.whl,0.01,.whl,2024-04-10 13:43:35
argon2_cffi_bindings-21.2.0-cp36-abi3-manylinux_2_17_x86_64.manylinux2014_x86_64.whl,./.cache/pypoetry/artifacts/31/89/36/b10046cde108a2b6b235053e443dd9ec1454f36cea2e802c7751a329cf/argon2_cffi_bindings-21.2.0-cp36-abi3-manylinux_2_17_x86_64.manylinux2014_x86_64.whl,0.08,.whl,2024-04-10 13:43:35
attrs-23.2.0-py3-none-any.whl,./.cache/pypoetry/artifacts/ba/c1/04/990523e55eb864c93e633edd157c5872fff916bc1eee0017b20a367df8/attrs-23.2.0-py3-none-any.whl,0.06,.whl,2024-04-10 13:43:35
cryptography-42.0.5-cp39-abi3-manylinux_2_28_x86_64.whl,./.cache/pypoetry/artifacts/ba/de/64/6ef0aa013b01c05c1aea88732f242a5a9660c1408bce5dcdbbd250aacb/cryptography-42.0.5-cp39-abi3-manylinux_2_28_x86_64.whl,4.37,.whl,2024-04-10 13:43:36
aiosignal-1.3.1-py3-none-any.whl,./.cache/pypoetry/artifacts/54/85/dc/371c905841d3ecf182a5d9023e5dba4e82055f470cf54563d96dc6aca8/aiosignal-1.3.1-py3-none-any.whl,0.01,.whl,2024-04-10 13:43:35
yarl-1.9.4-cp310-cp310-manylinux_2_17_x86_64.manylinux2014_x86_64.whl,./.cache/pypoetry/artifacts/ea/7c/0d/7c6c1a0aeb5ec7c8eaa6e1e4f97c70e4c940239560e9cbd361fd8835f5/yarl-1.9.4-cp310-cp310-manylinux_2_17_x86_64.manylinux2014_x86_64.whl,0.29,.whl,2024-04-10 13:43:35
certifi-2024.2.2-py3-none-any.whl,./.cache/pypoetry/artifacts/79/2c/a9/0b9caa750c1c41565df4efc42dda2f57a4249d8eeb4cb8b6703bcfb518/certifi-2024.2.2-py3-none-any.whl,0.16,.whl,2024-04-10 13:43:36
iso8601-2.1.0-py3-none-any.whl,./.cache/pypoetry/artifacts/c7/73/62/3e3950e08ae836e82d28b1a73512e7e630e149ddd15dbbc6f26379f976/iso8601-2.1.0-py3-none-any.whl,0.01,.whl,2024-04-10 13:43:36
argon2_cffi-23.1.0-py3-none-any.whl,./.cache/pypoetry/artifacts/e1/e3/ae/6ef8b971fc9f26a8f9109de46b22b83d67b615a21be31a1c3d53841807/argon2_cffi-23.1.0-py3-none-any.whl,0.01,.whl,2024-04-10 13:43:36
aiohttp-3.9.3-cp310-cp310-manylinux_2_17_x86_64.manylinux2014_x86_64.whl,./.cache/pypoetry/artifacts/b6/c1/f2/0b86989f0e293f83bad6e9c5ad8ad883a57b8a2fdbed58fb67bb162a3d/aiohttp-3.9.3-cp310-cp310-manylinux_2_17_x86_64.manylinux2014_x86_64.whl,1.17,.whl,2024-04-10 13:43:36
pycryptodomex-3.20.0-cp35-abi3-manylinux_2_17_x86_64.manylinux2014_x86_64.whl,./.cache/pypoetry/artifacts/bd/21/1c/829dc6ce56002ed62cb33bb03d6b51f9524564a0c9b35874a5cdaca64b/pycryptodomex-3.20.0-cp35-abi3-manylinux_2_17_x86_64.manylinux2014_x86_64.whl,2.04,.whl,2024-04-10 13:43:36
werkzeug-3.0.2-py3-none-any.whl,./.cache/pypoetry/artifacts/58/0f/a5/3b28a6a4a1301a29957b6d76d0694641de0fea0bd6cf88292cdc4dc00c/werkzeug-3.0.2-py3-none-any.whl,0.22,.whl,2024-04-10 13:43:36
charset_normalizer-3.3.2-cp310-cp310-manylinux_2_17_x86_64.manylinux2014_x86_64.whl,./.cache/pypoetry/artifacts/87/ce/f7/70a3bc10b5cf18ae37d8838f324dd9b4a1034d94afbef0f796122ed084/charset_normalizer-3.3.2-cp310-cp310-manylinux_2_17_x86_64.manylinux2014_x86_64.whl,0.14,.whl,2024-04-10 13:43:36
flask-3.0.3-py3-none-any.whl,./.cache/pypoetry/artifacts/9b/b9/69/ec59c0741a30a7a9b9af43442d346b9473509c4ff23580108c991c6fba/flask-3.0.3-py3-none-any.whl,0.10,.whl,2024-04-10 13:43:37
pyseto-1.7.8-py3-none-any.whl,./.cache/pypoetry/artifacts/7b/71/3f/fc1e9775780fa4bddc92bce2a2815a9fc61982dd3dac3cb73169d6a8b7/pyseto-1.7.8-py3-none-any.whl,0.06,.whl,2024-04-10 13:43:37
requests-2.31.0-py3-none-any.whl,./.cache/pypoetry/artifacts/c2/67/f4/3ac2d51a1770c6519e5f77bed72f6afbee0e9d4e4c37fe0a62f3a043eb/requests-2.31.0-py3-none-any.whl,0.06,.whl,2024-04-10 13:43:37
typing_extensions-4.11.0-py3-none-any.whl,./.cache/pypoetry/artifacts/ed/9c/82/4780d7a00aaafb34d1d56b4fa651ea7f03970a72ff06dff3f7a79c8f9a/typing_extensions-4.11.0-py3-none-any.whl,0.03,.whl,2024-04-10 13:43:37
aiohttp_retry-2.8.3-py3-none-any.whl,./.cache/pypoetry/artifacts/2f/c4/c7/ba38fd559e21a1650f4b1bd4dcaee6de755b5c31bc44236af1e9849d33/aiohttp_retry-2.8.3-py3-none-any.whl,0.01,.whl,2024-04-10 13:43:37
protobuf-4.25.3-cp37-abi3-manylinux2014_x86_64.whl,./.cache/pypoetry/artifacts/25/28/f8/e3d6cf13e82883cf499c0b90a601def2252eec921092483d9c29263203/protobuf-4.25.3-cp37-abi3-manylinux2014_x86_64.whl,0.28,.whl,2024-04-10 13:43:37
replit-3.6.1-py3-none-any.whl,./.cache/pypoetry/artifacts/55/88/44/2a41b377d5737eaec4a19d1a9bfa0f54ddd819afdcac253dbcf17c54b1/replit-3.6.1-py3-none-any.whl,0.03,.whl,2024-04-10 13:43:38
CACHEDIR.TAG,./.cache/uv/CACHEDIR.TAG,0.00,.TAG,2024-10-31 21:57:04
.gitignore,./.cache/uv/.gitignore,0.00,,2024-10-31 21:57:04
.gitignore,./.cache/uv/built-wheels-v3/.gitignore,0.00,,2024-10-31 21:57:04
.git,./.cache/uv/built-wheels-v3/.git,0.00,,2024-10-31 21:57:04
.lock,./.cache/uv/built-wheels-v3/path/3fcf76e5f0bfc79e/.lock,0.00,,2024-10-31 22:30:46
revision.rev,./.cache/uv/built-wheels-v3/path/3fcf76e5f0bfc79e/revision.rev,0.00,.rev,2024-10-31 21:57:53
1dc027bebd9c5848.msgpack,./.cache/uv/interpreter-v2/1dc027bebd9c5848.msgpack,0.00,.msgpack,2024-10-31 21:57:05
b26a96cb81f35906.msgpack,./.cache/uv/interpreter-v2/b26a96cb81f35906.msgpack,0.00,.msgpack,2024-10-31 21:57:14
flask.rkyv,./.cache/uv/simple-v12/pypi/flask.rkyv,0.07,.rkyv,2024-10-31 21:57:05
itsdangerous.rkyv,./.cache/uv/simple-v12/pypi/itsdangerous.rkyv,0.02,.rkyv,2024-10-31 21:57:05
blinker.rkyv,./.cache/uv/simple-v12/pypi/blinker.rkyv,0.02,.rkyv,2024-10-31 21:57:05
click.rkyv,./.cache/uv/simple-v12/pypi/click.rkyv,0.06,.rkyv,2024-10-31 21:57:05
jinja2.rkyv,./.cache/uv/simple-v12/pypi/jinja2.rkyv,0.05,.rkyv,2024-10-31 21:57:05
werkzeug.rkyv,./.cache/uv/simple-v12/pypi/werkzeug.rkyv,0.11,.rkyv,2024-10-31 21:57:05
colorama.rkyv,./.cache/uv/simple-v12/pypi/colorama.rkyv,0.05,.rkyv,2024-10-31 21:57:05
markupsafe.rkyv,./.cache/uv/simple-v12/pypi/markupsafe.rkyv,0.62,.rkyv,2024-10-31 21:57:05
flask-3.0.3-py3-none-any.msgpack,./.cache/uv/wheels-v1/pypi/flask/flask-3.0.3-py3-none-any.msgpack,0.00,.msgpack,2024-10-31 21:57:05
itsdangerous-2.2.0-py3-none-any.msgpack,./.cache/uv/wheels-v1/pypi/itsdangerous/itsdangerous-2.2.0-py3-none-any.msgpack,0.00,.msgpack,2024-10-31 21:57:05
blinker-1.8.2-py3-none-any.msgpack,./.cache/uv/wheels-v1/pypi/blinker/blinker-1.8.2-py3-none-any.msgpack,0.00,.msgpack,2024-10-31 21:57:05
click-8.1.7-py3-none-any.msgpack,./.cache/uv/wheels-v1/pypi/click/click-8.1.7-py3-none-any.msgpack,0.00,.msgpack,2024-10-31 21:57:05
jinja2-3.1.4-py3-none-any.msgpack,./.cache/uv/wheels-v1/pypi/jinja2/jinja2-3.1.4-py3-none-any.msgpack,0.00,.msgpack,2024-10-31 21:57:05
werkzeug-3.1.0-py3-none-any.msgpack,./.cache/uv/wheels-v1/pypi/werkzeug/werkzeug-3.1.0-py3-none-any.msgpack,0.00,.msgpack,2024-10-31 21:57:05
colorama-0.4.6-py2.py3-none-any.msgpack,./.cache/uv/wheels-v1/pypi/colorama/colorama-0.4.6-py2.py3-none-any.msgpack,0.00,.msgpack,2024-10-31 21:57:05
markupsafe-3.0.2-cp311-cp311-macosx_10_9_universal2.msgpack,./.cache/uv/wheels-v1/pypi/markupsafe/markupsafe-3.0.2-cp311-cp311-macosx_10_9_universal2.msgpack,0.00,.msgpack,2024-10-31 21:57:05
markupsafe-3.0.2-cp311-cp311-manylinux_2_17_x86_64.manylinux2014_x86_64.http,./.cache/uv/wheels-v1/index/b2a7eb67d4c26b82/markupsafe/markupsafe-3.0.2-cp311-cp311-manylinux_2_17_x86_64.manylinux2014_x86_64.http,0.00,.http,2024-10-31 21:57:05
blinker-1.8.2-py3-none-any.http,./.cache/uv/wheels-v1/index/b2a7eb67d4c26b82/blinker/blinker-1.8.2-py3-none-any.http,0.00,.http,2024-10-31 21:57:05
itsdangerous-2.2.0-py3-none-any.http,./.cache/uv/wheels-v1/index/b2a7eb67d4c26b82/itsdangerous/itsdangerous-2.2.0-py3-none-any.http,0.00,.http,2024-10-31 21:57:05
flask-3.0.3-py3-none-any.http,./.cache/uv/wheels-v1/index/b2a7eb67d4c26b82/flask/flask-3.0.3-py3-none-any.http,0.00,.http,2024-10-31 21:57:05
click-8.1.7-py3-none-any.http,./.cache/uv/wheels-v1/index/b2a7eb67d4c26b82/click/click-8.1.7-py3-none-any.http,0.00,.http,2024-10-31 21:57:05
werkzeug-3.1.0-py3-none-any.http,./.cache/uv/wheels-v1/index/b2a7eb67d4c26b82/werkzeug/werkzeug-3.1.0-py3-none-any.http,0.00,.http,2024-10-31 21:57:05
jinja2-3.1.4-py3-none-any.http,./.cache/uv/wheels-v1/index/b2a7eb67d4c26b82/jinja2/jinja2-3.1.4-py3-none-any.http,0.00,.http,2024-10-31 21:57:05
top_level.txt,./.cache/uv/archive-v0/SC5SH9LVfF2TDnChD05OV/MarkupSafe-3.0.2.dist-info/top_level.txt,0.00,.txt,2024-10-31 21:57:53
RECORD,./.cache/uv/archive-v0/SC5SH9LVfF2TDnChD05OV/MarkupSafe-3.0.2.dist-info/RECORD,0.00,,2024-10-31 21:57:05
LICENSE.txt,./.cache/uv/archive-v0/SC5SH9LVfF2TDnChD05OV/MarkupSafe-3.0.2.dist-info/LICENSE.txt,0.00,.txt,2024-10-31 21:57:53
METADATA,./.cache/uv/archive-v0/SC5SH9LVfF2TDnChD05OV/MarkupSafe-3.0.2.dist-info/METADATA,0.00,,2024-10-31 21:57:53
WHEEL,./.cache/uv/archive-v0/SC5SH9LVfF2TDnChD05OV/MarkupSafe-3.0.2.dist-info/WHEEL,0.00,,2024-10-31 21:57:53
_speedups.cpython-311-x86_64-linux-gnu.so,./.cache/uv/archive-v0/SC5SH9LVfF2TDnChD05OV/markupsafe/_speedups.cpython-311-x86_64-linux-gnu.so,0.04,.so,2024-10-31 21:57:53
_speedups.c,./.cache/uv/archive-v0/SC5SH9LVfF2TDnChD05OV/markupsafe/_speedups.c,0.00,.c,2024-10-31 21:57:53
_speedups.pyi,./.cache/uv/archive-v0/SC5SH9LVfF2TDnChD05OV/markupsafe/_speedups.pyi,0.00,.pyi,2024-10-31 21:57:53
__init__.py,./.cache/uv/archive-v0/SC5SH9LVfF2TDnChD05OV/markupsafe/__init__.py,0.01,.py,2024-10-31 21:57:53
_native.py,./.cache/uv/archive-v0/SC5SH9LVfF2TDnChD05OV/markupsafe/_native.py,0.00,.py,2024-10-31 21:57:53
py.typed,./.cache/uv/archive-v0/SC5SH9LVfF2TDnChD05OV/markupsafe/py.typed,0.00,.typed,2024-10-31 21:57:53
__init__.py,./.cache/uv/archive-v0/jYQ52wG0_Q8OV5fTtqW0o/blinker/__init__.py,0.00,.py,2024-10-31 21:57:53
_utilities.py,./.cache/uv/archive-v0/jYQ52wG0_Q8OV5fTtqW0o/blinker/_utilities.py,0.00,.py,2024-10-31 21:57:53
base.py,./.cache/uv/archive-v0/jYQ52wG0_Q8OV5fTtqW0o/blinker/base.py,0.02,.py,2024-10-31 21:57:53
py.typed,./.cache/uv/archive-v0/jYQ52wG0_Q8OV5fTtqW0o/blinker/py.typed,0.00,.typed,2024-10-31 21:57:53
LICENSE.txt,./.cache/uv/archive-v0/jYQ52wG0_Q8OV5fTtqW0o/blinker-1.8.2.dist-info/LICENSE.txt,0.00,.txt,2024-10-31 21:57:53
WHEEL,./.cache/uv/archive-v0/jYQ52wG0_Q8OV5fTtqW0o/blinker-1.8.2.dist-info/WHEEL,0.00,,2024-10-31 21:57:53
METADATA,./.cache/uv/archive-v0/jYQ52wG0_Q8OV5fTtqW0o/blinker-1.8.2.dist-info/METADATA,0.00,,2024-10-31 21:57:53
RECORD,./.cache/uv/archive-v0/jYQ52wG0_Q8OV5fTtqW0o/blinker-1.8.2.dist-info/RECORD,0.00,,2024-10-31 21:57:05
__init__.py,./.cache/uv/archive-v0/3AJzH1qtoCPvZYZwEm-_D/itsdangerous/__init__.py,0.00,.py,2024-10-31 21:57:53
_json.py,./.cache/uv/archive-v0/3AJzH1qtoCPvZYZwEm-_D/itsdangerous/_json.py,0.00,.py,2024-10-31 21:57:53
encoding.py,./.cache/uv/archive-v0/3AJzH1qtoCPvZYZwEm-_D/itsdangerous/encoding.py,0.00,.py,2024-10-31 21:57:53
exc.py,./.cache/uv/archive-v0/3AJzH1qtoCPvZYZwEm-_D/itsdangerous/exc.py,0.00,.py,2024-10-31 21:57:53
py.typed,./.cache/uv/archive-v0/3AJzH1qtoCPvZYZwEm-_D/itsdangerous/py.typed,0.00,.typed,2024-10-31 21:57:53
serializer.py,./.cache/uv/archive-v0/3AJzH1qtoCPvZYZwEm-_D/itsdangerous/serializer.py,0.01,.py,2024-10-31 21:57:53
signer.py,./.cache/uv/archive-v0/3AJzH1qtoCPvZYZwEm-_D/itsdangerous/signer.py,0.01,.py,2024-10-31 21:57:53
timed.py,./.cache/uv/archive-v0/3AJzH1qtoCPvZYZwEm-_D/itsdangerous/timed.py,0.01,.py,2024-10-31 21:57:53
url_safe.py,./.cache/uv/archive-v0/3AJzH1qtoCPvZYZwEm-_D/itsdangerous/url_safe.py,0.00,.py,2024-10-31 21:57:53
LICENSE.txt,./.cache/uv/archive-v0/3AJzH1qtoCPvZYZwEm-_D/itsdangerous-2.2.0.dist-info/LICENSE.txt,0.00,.txt,2024-10-31 21:57:53
WHEEL,./.cache/uv/archive-v0/3AJzH1qtoCPvZYZwEm-_D/itsdangerous-2.2.0.dist-info/WHEEL,0.00,,2024-10-31 21:57:53
METADATA,./.cache/uv/archive-v0/3AJzH1qtoCPvZYZwEm-_D/itsdangerous-2.2.0.dist-info/METADATA,0.00,,2024-10-31 21:57:53
RECORD,./.cache/uv/archive-v0/3AJzH1qtoCPvZYZwEm-_D/itsdangerous-2.2.0.dist-info/RECORD,0.00,,2024-10-31 21:57:05
__init__.py,./.cache/uv/archive-v0/QdcLR0MtvvgymopQMV-gX/flask/__init__.py,0.00,.py,2024-10-31 21:57:53
__main__.py,./.cache/uv/archive-v0/QdcLR0MtvvgymopQMV-gX/flask/__main__.py,0.00,.py,2024-10-31 21:57:53
app.py,./.cache/uv/archive-v0/QdcLR0MtvvgymopQMV-gX/flask/app.py,0.06,.py,2024-10-31 21:57:53
blueprints.py,./.cache/uv/archive-v0/QdcLR0MtvvgymopQMV-gX/flask/blueprints.py,0.00,.py,2024-10-31 21:57:53
cli.py,./.cache/uv/archive-v0/QdcLR0MtvvgymopQMV-gX/flask/cli.py,0.03,.py,2024-10-31 21:57:53
config.py,./.cache/uv/archive-v0/QdcLR0MtvvgymopQMV-gX/flask/config.py,0.01,.py,2024-10-31 21:57:53
ctx.py,./.cache/uv/archive-v0/QdcLR0MtvvgymopQMV-gX/flask/ctx.py,0.01,.py,2024-10-31 21:57:53
debughelpers.py,./.cache/uv/archive-v0/QdcLR0MtvvgymopQMV-gX/flask/debughelpers.py,0.01,.py,2024-10-31 21:57:53
globals.py,./.cache/uv/archive-v0/QdcLR0MtvvgymopQMV-gX/flask/globals.py,0.00,.py,2024-10-31 21:57:53
helpers.py,./.cache/uv/archive-v0/QdcLR0MtvvgymopQMV-gX/flask/helpers.py,0.02,.py,2024-10-31 21:57:53
logging.py,./.cache/uv/archive-v0/QdcLR0MtvvgymopQMV-gX/flask/logging.py,0.00,.py,2024-10-31 21:57:53
py.typed,./.cache/uv/archive-v0/QdcLR0MtvvgymopQMV-gX/flask/py.typed,0.00,.typed,2024-10-31 21:57:53
sessions.py,./.cache/uv/archive-v0/QdcLR0MtvvgymopQMV-gX/flask/sessions.py,0.01,.py,2024-10-31 21:57:53
signals.py,./.cache/uv/archive-v0/QdcLR0MtvvgymopQMV-gX/flask/signals.py,0.00,.py,2024-10-31 21:57:53
templating.py,./.cache/uv/archive-v0/QdcLR0MtvvgymopQMV-gX/flask/templating.py,0.01,.py,2024-10-31 21:57:53
testing.py,./.cache/uv/archive-v0/QdcLR0MtvvgymopQMV-gX/flask/testing.py,0.01,.py,2024-10-31 21:57:53
typing.py,./.cache/uv/archive-v0/QdcLR0MtvvgymopQMV-gX/flask/typing.py,0.00,.py,2024-10-31 21:57:53
views.py,./.cache/uv/archive-v0/QdcLR0MtvvgymopQMV-gX/flask/views.py,0.01,.py,2024-10-31 21:57:53
wrappers.py,./.cache/uv/archive-v0/QdcLR0MtvvgymopQMV-gX/flask/wrappers.py,0.01,.py,2024-10-31 21:57:53
__init__.py,./.cache/uv/archive-v0/QdcLR0MtvvgymopQMV-gX/flask/json/__init__.py,0.01,.py,2024-10-31 21:57:53
provider.py,./.cache/uv/archive-v0/QdcLR0MtvvgymopQMV-gX/flask/json/provider.py,0.01,.py,2024-10-31 21:57:53
tag.py,./.cache/uv/archive-v0/QdcLR0MtvvgymopQMV-gX/flask/json/tag.py,0.01,.py,2024-10-31 21:57:53
README.md,./.cache/uv/archive-v0/QdcLR0MtvvgymopQMV-gX/flask/sansio/README.md,0.00,.md,2024-10-31 21:57:53
app.py,./.cache/uv/archive-v0/QdcLR0MtvvgymopQMV-gX/flask/sansio/app.py,0.04,.py,2024-10-31 21:57:53
blueprints.py,./.cache/uv/archive-v0/QdcLR0MtvvgymopQMV-gX/flask/sansio/blueprints.py,0.02,.py,2024-10-31 21:57:53
scaffold.py,./.cache/uv/archive-v0/QdcLR0MtvvgymopQMV-gX/flask/sansio/scaffold.py,0.03,.py,2024-10-31 21:57:53
entry_points.txt,./.cache/uv/archive-v0/QdcLR0MtvvgymopQMV-gX/flask-3.0.3.dist-info/entry_points.txt,0.00,.txt,2024-10-31 21:57:53
LICENSE.txt,./.cache/uv/archive-v0/QdcLR0MtvvgymopQMV-gX/flask-3.0.3.dist-info/LICENSE.txt,0.00,.txt,2024-10-31 21:57:53
WHEEL,./.cache/uv/archive-v0/QdcLR0MtvvgymopQMV-gX/flask-3.0.3.dist-info/WHEEL,0.00,,2024-10-31 21:57:53
METADATA,./.cache/uv/archive-v0/QdcLR0MtvvgymopQMV-gX/flask-3.0.3.dist-info/METADATA,0.00,,2024-10-31 21:57:53
RECORD,./.cache/uv/archive-v0/QdcLR0MtvvgymopQMV-gX/flask-3.0.3.dist-info/RECORD,0.00,,2024-10-31 21:57:05
__init__.py,./.cache/uv/archive-v0/9zVayFYwzjO0Yy5Ze45Fy/click/__init__.py,0.00,.py,2024-10-31 21:57:53
_compat.py,./.cache/uv/archive-v0/9zVayFYwzjO0Yy5Ze45Fy/click/_compat.py,0.02,.py,2024-10-31 21:57:53
_termui_impl.py,./.cache/uv/archive-v0/9zVayFYwzjO0Yy5Ze45Fy/click/_termui_impl.py,0.02,.py,2024-10-31 21:57:53
_textwrap.py,./.cache/uv/archive-v0/9zVayFYwzjO0Yy5Ze45Fy/click/_textwrap.py,0.00,.py,2024-10-31 21:57:53
_winconsole.py,./.cache/uv/archive-v0/9zVayFYwzjO0Yy5Ze45Fy/click/_winconsole.py,0.01,.py,2024-10-31 21:57:53
core.py,./.cache/uv/archive-v0/9zVayFYwzjO0Yy5Ze45Fy/click/core.py,0.11,.py,2024-10-31 21:57:53
decorators.py,./.cache/uv/archive-v0/9zVayFYwzjO0Yy5Ze45Fy/click/decorators.py,0.02,.py,2024-10-31 21:57:53
exceptions.py,./.cache/uv/archive-v0/9zVayFYwzjO0Yy5Ze45Fy/click/exceptions.py,0.01,.py,2024-10-31 21:57:53
formatting.py,./.cache/uv/archive-v0/9zVayFYwzjO0Yy5Ze45Fy/click/formatting.py,0.01,.py,2024-10-31 21:57:53
globals.py,./.cache/uv/archive-v0/9zVayFYwzjO0Yy5Ze45Fy/click/globals.py,0.00,.py,2024-10-31 21:57:53
parser.py,./.cache/uv/archive-v0/9zVayFYwzjO0Yy5Ze45Fy/click/parser.py,0.02,.py,2024-10-31 21:57:53
py.typed,./.cache/uv/archive-v0/9zVayFYwzjO0Yy5Ze45Fy/click/py.typed,0.00,.typed,2024-10-31 21:57:53
shell_completion.py,./.cache/uv/archive-v0/9zVayFYwzjO0Yy5Ze45Fy/click/shell_completion.py,0.02,.py,2024-10-31 21:57:53
termui.py,./.cache/uv/archive-v0/9zVayFYwzjO0Yy5Ze45Fy/click/termui.py,0.03,.py,2024-10-31 21:57:53
testing.py,./.cache/uv/archive-v0/9zVayFYwzjO0Yy5Ze45Fy/click/testing.py,0.02,.py,2024-10-31 21:57:53
types.py,./.cache/uv/archive-v0/9zVayFYwzjO0Yy5Ze45Fy/click/types.py,0.03,.py,2024-10-31 21:57:53
utils.py,./.cache/uv/archive-v0/9zVayFYwzjO0Yy5Ze45Fy/click/utils.py,0.02,.py,2024-10-31 21:57:53
LICENSE.rst,./.cache/uv/archive-v0/9zVayFYwzjO0Yy5Ze45Fy/click-8.1.7.dist-info/LICENSE.rst,0.00,.rst,2024-10-31 21:57:53
METADATA,./.cache/uv/archive-v0/9zVayFYwzjO0Yy5Ze45Fy/click-8.1.7.dist-info/METADATA,0.00,,2024-10-31 21:57:53
WHEEL,./.cache/uv/archive-v0/9zVayFYwzjO0Yy5Ze45Fy/click-8.1.7.dist-info/WHEEL,0.00,,2024-10-31 21:57:53
top_level.txt,./.cache/uv/archive-v0/9zVayFYwzjO0Yy5Ze45Fy/click-8.1.7.dist-info/top_level.txt,0.00,.txt,2024-10-31 21:57:53
RECORD,./.cache/uv/archive-v0/9zVayFYwzjO0Yy5Ze45Fy/click-8.1.7.dist-info/RECORD,0.00,,2024-10-31 21:57:05
__init__.py,./.cache/uv/archive-v0/GCd2UeAUHTObt1ZhRrPt6/werkzeug/__init__.py,0.00,.py,2024-10-31 21:57:53
_internal.py,./.cache/uv/archive-v0/GCd2UeAUHTObt1ZhRrPt6/werkzeug/_internal.py,0.01,.py,2024-10-31 21:57:53
_reloader.py,./.cache/uv/archive-v0/GCd2UeAUHTObt1ZhRrPt6/werkzeug/_reloader.py,0.01,.py,2024-10-31 21:57:53
exceptions.py,./.cache/uv/archive-v0/GCd2UeAUHTObt1ZhRrPt6/werkzeug/exceptions.py,0.03,.py,2024-10-31 21:57:53
formparser.py,./.cache/uv/archive-v0/GCd2UeAUHTObt1ZhRrPt6/werkzeug/formparser.py,0.02,.py,2024-10-31 21:57:53
http.py,./.cache/uv/archive-v0/GCd2UeAUHTObt1ZhRrPt6/werkzeug/http.py,0.04,.py,2024-10-31 21:57:53
local.py,./.cache/uv/archive-v0/GCd2UeAUHTObt1ZhRrPt6/werkzeug/local.py,0.02,.py,2024-10-31 21:57:53
py.typed,./.cache/uv/archive-v0/GCd2UeAUHTObt1ZhRrPt6/werkzeug/py.typed,0.00,.typed,2024-10-31 21:57:53
security.py,./.cache/uv/archive-v0/GCd2UeAUHTObt1ZhRrPt6/werkzeug/security.py,0.01,.py,2024-10-31 21:57:53
serving.py,./.cache/uv/archive-v0/GCd2UeAUHTObt1ZhRrPt6/werkzeug/serving.py,0.04,.py,2024-10-31 21:57:53
test.py,./.cache/uv/archive-v0/GCd2UeAUHTObt1ZhRrPt6/werkzeug/test.py,0.05,.py,2024-10-31 21:57:53
testapp.py,./.cache/uv/archive-v0/GCd2UeAUHTObt1ZhRrPt6/werkzeug/testapp.py,0.01,.py,2024-10-31 21:57:53
urls.py,./.cache/uv/archive-v0/GCd2UeAUHTObt1ZhRrPt6/werkzeug/urls.py,0.01,.py,2024-10-31 21:57:53
user_agent.py,./.cache/uv/archive-v0/GCd2UeAUHTObt1ZhRrPt6/werkzeug/user_agent.py,0.00,.py,2024-10-31 21:57:53
utils.py,./.cache/uv/archive-v0/GCd2UeAUHTObt1ZhRrPt6/werkzeug/utils.py,0.02,.py,2024-10-31 21:57:53
wsgi.py,./.cache/uv/archive-v0/GCd2UeAUHTObt1ZhRrPt6/werkzeug/wsgi.py,0.02,.py,2024-10-31 21:57:53
__init__.py,./.cache/uv/archive-v0/GCd2UeAUHTObt1ZhRrPt6/werkzeug/datastructures/__init__.py,0.00,.py,2024-10-31 21:57:53
accept.py,./.cache/uv/archive-v0/GCd2UeAUHTObt1ZhRrPt6/werkzeug/datastructures/accept.py,0.01,.py,2024-10-31 21:57:53
auth.py,./.cache/uv/archive-v0/GCd2UeAUHTObt1ZhRrPt6/werkzeug/datastructures/auth.py,0.01,.py,2024-10-31 21:57:53
cache_control.py,./.cache/uv/archive-v0/GCd2UeAUHTObt1ZhRrPt6/werkzeug/datastructures/cache_control.py,0.01,.py,2024-10-31 21:57:53
csp.py,./.cache/uv/archive-v0/GCd2UeAUHTObt1ZhRrPt6/werkzeug/datastructures/csp.py,0.00,.py,2024-10-31 21:57:53
etag.py,./.cache/uv/archive-v0/GCd2UeAUHTObt1ZhRrPt6/werkzeug/datastructures/etag.py,0.00,.py,2024-10-31 21:57:53
file_storage.py,./.cache/uv/archive-v0/GCd2UeAUHTObt1ZhRrPt6/werkzeug/datastructures/file_storage.py,0.01,.py,2024-10-31 21:57:53
headers.py,./.cache/uv/archive-v0/GCd2UeAUHTObt1ZhRrPt6/werkzeug/datastructures/headers.py,0.02,.py,2024-10-31 21:57:53
mixins.py,./.cache/uv/archive-v0/GCd2UeAUHTObt1ZhRrPt6/werkzeug/datastructures/mixins.py,0.01,.py,2024-10-31 21:57:53
range.py,./.cache/uv/archive-v0/GCd2UeAUHTObt1ZhRrPt6/werkzeug/datastructures/range.py,0.01,.py,2024-10-31 21:57:53
structures.py,./.cache/uv/archive-v0/GCd2UeAUHTObt1ZhRrPt6/werkzeug/datastructures/structures.py,0.04,.py,2024-10-31 21:57:53
__init__.py,./.cache/uv/archive-v0/GCd2UeAUHTObt1ZhRrPt6/werkzeug/debug/__init__.py,0.02,.py,2024-10-31 21:57:53
console.py,./.cache/uv/archive-v0/GCd2UeAUHTObt1ZhRrPt6/werkzeug/debug/console.py,0.01,.py,2024-10-31 21:57:53
repr.py,./.cache/uv/archive-v0/GCd2UeAUHTObt1ZhRrPt6/werkzeug/debug/repr.py,0.01,.py,2024-10-31 21:57:53
tbtools.py,./.cache/uv/archive-v0/GCd2UeAUHTObt1ZhRrPt6/werkzeug/debug/tbtools.py,0.01,.py,2024-10-31 21:57:53
ICON_LICENSE.md,./.cache/uv/archive-v0/GCd2UeAUHTObt1ZhRrPt6/werkzeug/debug/shared/ICON_LICENSE.md,0.00,.md,2024-10-31 21:57:53
console.png,./.cache/uv/archive-v0/GCd2UeAUHTObt1ZhRrPt6/werkzeug/debug/shared/console.png,0.00,.png,2024-10-31 21:57:53
debugger.js,./.cache/uv/archive-v0/GCd2UeAUHTObt1ZhRrPt6/werkzeug/debug/shared/debugger.js,0.01,.js,2024-10-31 21:57:53
less.png,./.cache/uv/archive-v0/GCd2UeAUHTObt1ZhRrPt6/werkzeug/debug/shared/less.png,0.00,.png,2024-10-31 21:57:53
more.png,./.cache/uv/archive-v0/GCd2UeAUHTObt1ZhRrPt6/werkzeug/debug/shared/more.png,0.00,.png,2024-10-31 21:57:53
style.css,./.cache/uv/archive-v0/GCd2UeAUHTObt1ZhRrPt6/werkzeug/debug/shared/style.css,0.01,.css,2024-10-31 21:57:53
__init__.py,./.cache/uv/archive-v0/GCd2UeAUHTObt1ZhRrPt6/werkzeug/middleware/__init__.py,0.00,.py,2024-10-31 21:57:53
dispatcher.py,./.cache/uv/archive-v0/GCd2UeAUHTObt1ZhRrPt6/werkzeug/middleware/dispatcher.py,0.00,.py,2024-10-31 21:57:53
http_proxy.py,./.cache/uv/archive-v0/GCd2UeAUHTObt1ZhRrPt6/werkzeug/middleware/http_proxy.py,0.01,.py,2024-10-31 21:57:53
lint.py,./.cache/uv/archive-v0/GCd2UeAUHTObt1ZhRrPt6/werkzeug/middleware/lint.py,0.01,.py,2024-10-31 21:57:53
profiler.py,./.cache/uv/archive-v0/GCd2UeAUHTObt1ZhRrPt6/werkzeug/middleware/profiler.py,0.01,.py,2024-10-31 21:57:53
proxy_fix.py,./.cache/uv/archive-v0/GCd2UeAUHTObt1ZhRrPt6/werkzeug/middleware/proxy_fix.py,0.01,.py,2024-10-31 21:57:53
shared_data.py,./.cache/uv/archive-v0/GCd2UeAUHTObt1ZhRrPt6/werkzeug/middleware/shared_data.py,0.01,.py,2024-10-31 21:57:53
__init__.py,./.cache/uv/archive-v0/GCd2UeAUHTObt1ZhRrPt6/werkzeug/routing/__init__.py,0.00,.py,2024-10-31 21:57:53
converters.py,./.cache/uv/archive-v0/GCd2UeAUHTObt1ZhRrPt6/werkzeug/routing/converters.py,0.01,.py,2024-10-31 21:57:53
exceptions.py,./.cache/uv/archive-v0/GCd2UeAUHTObt1ZhRrPt6/werkzeug/routing/exceptions.py,0.00,.py,2024-10-31 21:57:53
map.py,./.cache/uv/archive-v0/GCd2UeAUHTObt1ZhRrPt6/werkzeug/routing/map.py,0.03,.py,2024-10-31 21:57:53
matcher.py,./.cache/uv/archive-v0/GCd2UeAUHTObt1ZhRrPt6/werkzeug/routing/matcher.py,0.01,.py,2024-10-31 21:57:53
rules.py,./.cache/uv/archive-v0/GCd2UeAUHTObt1ZhRrPt6/werkzeug/routing/rules.py,0.03,.py,2024-10-31 21:57:53
__init__.py,./.cache/uv/archive-v0/GCd2UeAUHTObt1ZhRrPt6/werkzeug/sansio/__init__.py,0.00,.py,2024-10-31 21:57:53
http.py,./.cache/uv/archive-v0/GCd2UeAUHTObt1ZhRrPt6/werkzeug/sansio/http.py,0.01,.py,2024-10-31 21:57:53
multipart.py,./.cache/uv/archive-v0/GCd2UeAUHTObt1ZhRrPt6/werkzeug/sansio/multipart.py,0.01,.py,2024-10-31 21:57:53
request.py,./.cache/uv/archive-v0/GCd2UeAUHTObt1ZhRrPt6/werkzeug/sansio/request.py,0.02,.py,2024-10-31 21:57:53
response.py,./.cache/uv/archive-v0/GCd2UeAUHTObt1ZhRrPt6/werkzeug/sansio/response.py,0.03,.py,2024-10-31 21:57:53
utils.py,./.cache/uv/archive-v0/GCd2UeAUHTObt1ZhRrPt6/werkzeug/sansio/utils.py,0.00,.py,2024-10-31 21:57:53
__init__.py,./.cache/uv/archive-v0/GCd2UeAUHTObt1ZhRrPt6/werkzeug/wrappers/__init__.py,0.00,.py,2024-10-31 21:57:53
request.py,./.cache/uv/archive-v0/GCd2UeAUHTObt1ZhRrPt6/werkzeug/wrappers/request.py,0.02,.py,2024-10-31 21:57:53
response.py,./.cache/uv/archive-v0/GCd2UeAUHTObt1ZhRrPt6/werkzeug/wrappers/response.py,0.03,.py,2024-10-31 21:57:53
LICENSE.txt,./.cache/uv/archive-v0/GCd2UeAUHTObt1ZhRrPt6/werkzeug-3.1.0.dist-info/LICENSE.txt,0.00,.txt,2024-10-31 21:57:53
WHEEL,./.cache/uv/archive-v0/GCd2UeAUHTObt1ZhRrPt6/werkzeug-3.1.0.dist-info/WHEEL,0.00,,2024-10-31 21:57:53
METADATA,./.cache/uv/archive-v0/GCd2UeAUHTObt1ZhRrPt6/werkzeug-3.1.0.dist-info/METADATA,0.00,,2024-10-31 21:57:53
RECORD,./.cache/uv/archive-v0/GCd2UeAUHTObt1ZhRrPt6/werkzeug-3.1.0.dist-info/RECORD,0.01,,2024-10-31 21:57:05
__init__.py,./.cache/uv/archive-v0/C9We38YdcLWt3HiaYxG98/jinja2/__init__.py,0.00,.py,2024-10-31 21:57:53
_identifier.py,./.cache/uv/archive-v0/C9We38YdcLWt3HiaYxG98/jinja2/_identifier.py,0.00,.py,2024-10-31 21:57:53
async_utils.py,./.cache/uv/archive-v0/C9We38YdcLWt3HiaYxG98/jinja2/async_utils.py,0.00,.py,2024-10-31 21:57:53
bccache.py,./.cache/uv/archive-v0/C9We38YdcLWt3HiaYxG98/jinja2/bccache.py,0.01,.py,2024-10-31 21:57:53
compiler.py,./.cache/uv/archive-v0/C9We38YdcLWt3HiaYxG98/jinja2/compiler.py,0.07,.py,2024-10-31 21:57:53
constants.py,./.cache/uv/archive-v0/C9We38YdcLWt3HiaYxG98/jinja2/constants.py,0.00,.py,2024-10-31 21:57:53
debug.py,./.cache/uv/archive-v0/C9We38YdcLWt3HiaYxG98/jinja2/debug.py,0.01,.py,2024-10-31 21:57:53
defaults.py,./.cache/uv/archive-v0/C9We38YdcLWt3HiaYxG98/jinja2/defaults.py,0.00,.py,2024-10-31 21:57:53
environment.py,./.cache/uv/archive-v0/C9We38YdcLWt3HiaYxG98/jinja2/environment.py,0.06,.py,2024-10-31 21:57:53
exceptions.py,./.cache/uv/archive-v0/C9We38YdcLWt3HiaYxG98/jinja2/exceptions.py,0.00,.py,2024-10-31 21:57:53
ext.py,./.cache/uv/archive-v0/C9We38YdcLWt3HiaYxG98/jinja2/ext.py,0.03,.py,2024-10-31 21:57:53
filters.py,./.cache/uv/archive-v0/C9We38YdcLWt3HiaYxG98/jinja2/filters.py,0.05,.py,2024-10-31 21:57:53
idtracking.py,./.cache/uv/archive-v0/C9We38YdcLWt3HiaYxG98/jinja2/idtracking.py,0.01,.py,2024-10-31 21:57:53
lexer.py,./.cache/uv/archive-v0/C9We38YdcLWt3HiaYxG98/jinja2/lexer.py,0.03,.py,2024-10-31 21:57:53
loaders.py,./.cache/uv/archive-v0/C9We38YdcLWt3HiaYxG98/jinja2/loaders.py,0.02,.py,2024-10-31 21:57:53
meta.py,./.cache/uv/archive-v0/C9We38YdcLWt3HiaYxG98/jinja2/meta.py,0.00,.py,2024-10-31 21:57:53
nativetypes.py,./.cache/uv/archive-v0/C9We38YdcLWt3HiaYxG98/jinja2/nativetypes.py,0.00,.py,2024-10-31 21:57:53
nodes.py,./.cache/uv/archive-v0/C9We38YdcLWt3HiaYxG98/jinja2/nodes.py,0.03,.py,2024-10-31 21:57:53
optimizer.py,./.cache/uv/archive-v0/C9We38YdcLWt3HiaYxG98/jinja2/optimizer.py,0.00,.py,2024-10-31 21:57:53
parser.py,./.cache/uv/archive-v0/C9We38YdcLWt3HiaYxG98/jinja2/parser.py,0.04,.py,2024-10-31 21:57:53
py.typed,./.cache/uv/archive-v0/C9We38YdcLWt3HiaYxG98/jinja2/py.typed,0.00,.typed,2024-10-31 21:57:53
runtime.py,./.cache/uv/archive-v0/C9We38YdcLWt3HiaYxG98/jinja2/runtime.py,0.03,.py,2024-10-31 21:57:53
sandbox.py,./.cache/uv/archive-v0/C9We38YdcLWt3HiaYxG98/jinja2/sandbox.py,0.01,.py,2024-10-31 21:57:53
tests.py,./.cache/uv/archive-v0/C9We38YdcLWt3HiaYxG98/jinja2/tests.py,0.01,.py,2024-10-31 21:57:53
utils.py,./.cache/uv/archive-v0/C9We38YdcLWt3HiaYxG98/jinja2/utils.py,0.02,.py,2024-10-31 21:57:53
visitor.py,./.cache/uv/archive-v0/C9We38YdcLWt3HiaYxG98/jinja2/visitor.py,0.00,.py,2024-10-31 21:57:53
entry_points.txt,./.cache/uv/archive-v0/C9We38YdcLWt3HiaYxG98/jinja2-3.1.4.dist-info/entry_points.txt,0.00,.txt,2024-10-31 21:57:53
LICENSE.txt,./.cache/uv/archive-v0/C9We38YdcLWt3HiaYxG98/jinja2-3.1.4.dist-info/LICENSE.txt,0.00,.txt,2024-10-31 21:57:53
WHEEL,./.cache/uv/archive-v0/C9We38YdcLWt3HiaYxG98/jinja2-3.1.4.dist-info/WHEEL,0.00,,2024-10-31 21:57:53
METADATA,./.cache/uv/archive-v0/C9We38YdcLWt3HiaYxG98/jinja2-3.1.4.dist-info/METADATA,0.00,,2024-10-31 21:57:53
RECORD,./.cache/uv/archive-v0/C9We38YdcLWt3HiaYxG98/jinja2-3.1.4.dist-info/RECORD,0.00,,2024-10-31 21:57:05
Grammar-py3.11.10.final.0.pickle,./.cache/YAPF/0.40.2/Grammar-py3.11.10.final.0.pickle,0.02,.pickle,2025-01-08 14:56:14
PatternGrammar-py3.11.10.final.0.pickle,./.cache/YAPF/0.40.2/PatternGrammar-py3.11.10.final.0.pickle,0.00,.pickle,2025-01-08 14:56:14
store.json,./.upm/store.json,0.00,.json,2025-01-08 15:06:03
CACHEDIR.TAG,./.pythonlibs/CACHEDIR.TAG,0.00,.TAG,2024-10-31 22:30:46
.gitignore,./.pythonlibs/.gitignore,0.00,,2024-10-31 22:30:46
pyvenv.cfg,./.pythonlibs/pyvenv.cfg,0.00,.cfg,2024-10-31 22:30:46
activate,./.pythonlibs/bin/activate,0.00,,2024-10-31 22:30:46
activate.csh,./.pythonlibs/bin/activate.csh,0.00,.csh,2024-10-31 22:30:46
activate.fish,./.pythonlibs/bin/activate.fish,0.00,.fish,2024-10-31 22:30:46
activate.nu,./.pythonlibs/bin/activate.nu,0.00,.nu,2024-10-31 22:30:46
activate.ps1,./.pythonlibs/bin/activate.ps1,0.00,.ps1,2024-10-31 22:30:46
activate.bat,./.pythonlibs/bin/activate.bat,0.00,.bat,2024-10-31 22:30:46
deactivate.bat,./.pythonlibs/bin/deactivate.bat,0.00,.bat,2024-10-31 22:30:46
pydoc.bat,./.pythonlibs/bin/pydoc.bat,0.00,.bat,2024-10-31 22:30:46
activate_this.py,./.pythonlibs/bin/activate_this.py,0.00,.py,2024-10-31 22:30:46
python3,./.pythonlibs/bin/python3,1.23,,1970-01-01 00:00:01
python,./.pythonlibs/bin/python,1.23,,1970-01-01 00:00:01
python3.11,./.pythonlibs/bin/python3.11,1.23,.11,1970-01-01 00:00:01
_virtualenv.py,./.pythonlibs/lib/python3.11/site-packages/_virtualenv.py,0.00,.py,2024-10-31 22:30:46
_virtualenv.pth,./.pythonlibs/lib/python3.11/site-packages/_virtualenv.pth,0.00,.pth,2024-10-31 22:30:46
_virtualenv.cpython-311.pyc,./.pythonlibs/lib/python3.11/site-packages/__pycache__/_virtualenv.cpython-311.pyc,0.00,.pyc,2024-10-31 22:30:46
